Title,Link
Breast-shaped hill,/wiki/Breast-shaped_hill
Folly,/wiki/Folly
Gravity hill,/wiki/Gravity_hill
List of Eiffel Tower replicas,/wiki/List_of_Eiffel_Tower_replicas
List of tautological place names,/wiki/List_of_tautological_place_names
Pizza farm,/wiki/Pizza_farm
Spite house,/wiki/Spite_house
11 foot 8 Bridge,/wiki/11_foot_8_Bridge
33 Thomas Street,/wiki/33_Thomas_Street
Sentinel Peak (Arizona),/wiki/Sentinel_Peak_(Arizona)
"Agloe, New York","/wiki/Agloe,_New_York"
Aroma of Tacoma,/wiki/Aroma_of_Tacoma
Badlands Guardian,/wiki/Badlands_Guardian
Beatosu and Goblu,/wiki/Beatosu_and_Goblu
Bubbly Creek,/wiki/Bubbly_Creek
"Centralia, Pennsylvania","/wiki/Centralia,_Pennsylvania"
Clinton Road (New Jersey),/wiki/Clinton_Road_(New_Jersey)
"Colma, California","/wiki/Colma,_California"
Dixie Square Mall,/wiki/Dixie_Square_Mall
Fenelon Place Elevator,/wiki/Fenelon_Place_Elevator
Florence Y'all Water Tower,/wiki/Florence_Y%27all_Water_Tower
"Former counties, cities, and towns of Virginia","/wiki/Former_counties,_cities,_and_towns_of_Virginia"
Greater Green River Intergalactic Spaceport,/wiki/Greater_Green_River_Intergalactic_Spaceport
Gum Wall,/wiki/Gum_Wall
House on the Rock,/wiki/House_on_the_Rock
Interstate 180 (Wyoming),/wiki/Interstate_180_(Wyoming)
Interstate 19,/wiki/Interstate_19
Republic of Indian Stream,/wiki/Republic_of_Indian_Stream
Island of California,/wiki/Island_of_California
Jackass Flats,/wiki/Jackass_Flats
Jerimoth Hill,/wiki/Jerimoth_Hill
List of Las Vegas casinos that never opened,/wiki/List_of_Las_Vegas_casinos_that_never_opened
M-185 (Michigan highway),/wiki/M-185_(Michigan_highway)
Mary Ellis grave,/wiki/Mary_Ellis_grave
Michigan left,/wiki/Michigan_left
Mill Ends Park,/wiki/Mill_Ends_Park
Mojave phone booth,/wiki/Mojave_phone_booth
List of pyramid mausoleums in North America,/wiki/List_of_pyramid_mausoleums_in_North_America
Republic of Molossia,/wiki/Republic_of_Molossia
"Monowi, Nebraska","/wiki/Monowi,_Nebraska"
Nitt Witt Ridge,/wiki/Nitt_Witt_Ridge
"Plymouth, Montserrat","/wiki/Plymouth,_Montserrat"
"Point Roberts, Washington","/wiki/Point_Roberts,_Washington"
Prada Marfa,/wiki/Prada_Marfa
Raising of Chicago,/wiki/Raising_of_Chicago
"Rio Rico, Tamaulipas","/wiki/Rio_Rico,_Tamaulipas"
"Rough and Ready, California","/wiki/Rough_and_Ready,_California"
Sam Kee Building,/wiki/Sam_Kee_Building
"S.N.P.J., Pennsylvania","/wiki/S.N.P.J.,_Pennsylvania"
Spiral Island,/wiki/Spiral_Island
Tower of Wooden Pallets,/wiki/Tower_of_Wooden_Pallets
"Truth or Consequences, New Mexico","/wiki/Truth_or_Consequences,_New_Mexico"
U Thant Island,/wiki/U_Thant_Island
Wedge (border),/wiki/Wedge_(border)
"Whittier, Alaska","/wiki/Whittier,_Alaska"
World's littlest skyscraper,/wiki/World%27s_littlest_skyscraper
Winchester Mystery House,/wiki/Winchester_Mystery_House
Zone of Death (geography),/wiki/Zone_of_Death_(geography)
Devil's Island,/wiki/Devil%27s_Island
Fordlândia,/wiki/Fordl%C3%A2ndia
Hacienda Nápoles,/wiki/Hacienda_N%C3%A1poles
Nazca Lines,/wiki/Nazca_Lines
Onafhankelijkheidsplein,/wiki/Onafhankelijkheidsplein
Bir Tawil,/wiki/Bir_Tawil
Congo Pedicle,/wiki/Congo_Pedicle
Mountains of Kong,/wiki/Mountains_of_Kong
Mountains of the Moon (Africa),/wiki/Mountains_of_the_Moon_(Africa)
Null Island,/wiki/Null_Island
Peñón de Vélez de la Gomera,/wiki/Pe%C3%B1%C3%B3n_de_V%C3%A9lez_de_la_Gomera
Republic of Benin (1967),/wiki/Republic_of_Benin_(1967)
Breakwind Ridge,/wiki/Breakwind_Ridge
Emilio Palma,/wiki/Emilio_Palma
Scouting in the Antarctic,/wiki/Scouting_in_the_Antarctic
Camp Bonifas,/wiki/Camp_Bonifas
Dahala Khagrabari,/wiki/Dahala_Khagrabari
Gate Tower Building,/wiki/Gate_Tower_Building
Hallstatt (China),/wiki/Hallstatt_(China)
Jewish Autonomous Oblast,/wiki/Jewish_Autonomous_Oblast
Kowloon Walled City,/wiki/Kowloon_Walled_City
Love Land (South Korea),/wiki/Love_Land_(South_Korea)
Peace Village (North Korea),/wiki/Peace_Village_(North_Korea)
Peanut Hole,/wiki/Peanut_Hole
Ryugyong Hotel,/wiki/Ryugyong_Hotel
San Serriffe,/wiki/San_Serriffe
Seikan Tunnel Tappi Shakō Line,/wiki/Seikan_Tunnel_Tappi_Shak%C5%8D_Line
"Shingō, Aomori","/wiki/Shing%C5%8D,_Aomori"
Tsu Station,/wiki/Tsu_Station
Wonderland Amusement Park (Beijing),/wiki/Wonderland_Amusement_Park_(Beijing)
X-Seed 4000,/wiki/X-Seed_4000
Anti urination devices in Norwich,/wiki/Anti_urination_devices_in_Norwich
Argleton,/wiki/Argleton
Baarle-Hertog,/wiki/Baarle-Hertog
Baarle-Nassau,/wiki/Baarle-Nassau
Barcelona Supercomputing Center,/wiki/Barcelona_Supercomputing_Center
Beans and Bacon mine,/wiki/Beans_and_Bacon_mine
Bell End,/wiki/Bell_End
Bielefeld Conspiracy,/wiki/Bielefeld_Conspiracy
Brennender Berg,/wiki/Brennender_Berg
Büsingen am Hochrhein,/wiki/B%C3%BCsingen_am_Hochrhein
Butt Hole Road,/wiki/Butt_Hole_Road
Carpatho-Ukraine,/wiki/Carpatho-Ukraine
Colletto Fava,/wiki/Colletto_Fava
"Ebenezer Place, Wick","/wiki/Ebenezer_Place,_Wick"
Fallen Monument Park,/wiki/Fallen_Monument_Park
Ferdinand Cheval,/wiki/Ferdinand_Cheval
Forest swastika,/wiki/Forest_swastika
"Fucking, Austria","/wiki/Fucking,_Austria"
Gropecunt Lane,/wiki/Gropecunt_Lane
Icelandic Phallological Museum,/wiki/Icelandic_Phallological_Museum
JASON reactor,/wiki/JASON_reactor
Leaning Tower of Suurhusen,/wiki/Leaning_Tower_of_Suurhusen
List of missing landmarks in Spain,/wiki/List_of_missing_landmarks_in_Spain
Llanfairpwllgwyngyll,/wiki/Llanfairpwllgwyngyll
Lord Hereford's Knob,/wiki/Lord_Hereford%27s_Knob
Magic Roundabout (Swindon),/wiki/Magic_Roundabout_(Swindon)
Märket,/wiki/M%C3%A4rket
Monte Kaolino,/wiki/Monte_Kaolino
Newhaven Marine railway station,/wiki/Newhaven_Marine_railway_station
Neutral Moresnet,/wiki/Neutral_Moresnet
No Place,/wiki/No_Place
Other World Kingdom,/wiki/Other_World_Kingdom
Principality of Sealand,/wiki/Principality_of_Sealand
Reality Checkpoint,/wiki/Reality_Checkpoint
Röstigraben,/wiki/R%C3%B6stigraben
Sedlec Ossuary,/wiki/Sedlec_Ossuary
Schwerbelastungskörper,/wiki/Schwerbelastungsk%C3%B6rper
Sexi (Phoenician colony),/wiki/Sexi_(Phoenician_colony)
Shitterton,/wiki/Shitterton
Smallest House in Great Britain,/wiki/Smallest_House_in_Great_Britain
Spreuerhofstraße,/wiki/Spreuerhofstra%C3%9Fe
Three Cocks,/wiki/Three_Cocks
UFO-Memorial Ängelholm,/wiki/UFO-Memorial_%C3%84ngelholm
Weißwurstäquator,/wiki/Wei%C3%9Fwurst%C3%A4quator
"Y, Somme","/wiki/Y,_Somme"
Baldwin Street,/wiki/Baldwin_Street
Ball's Pyramid,/wiki/Ball%27s_Pyramid
Banjawarn Station,/wiki/Banjawarn_Station
Cardrona Bra Fence,/wiki/Cardrona_Bra_Fence
Coober Pedy,/wiki/Coober_Pedy
Concrete bus shelters in Canberra,/wiki/Concrete_bus_shelters_in_Canberra
New Zealand State Highway 78,/wiki/New_Zealand_State_Highway_78
Taumatawhakatangi,/wiki/Taumatawhakatangi
Te Urewera,/wiki/Te_Urewera
Whangamomona,/wiki/Whangamomona
Whanganui River,/wiki/Whanganui_River
Puyi,/wiki/Puyi
Daughter of Emperor Xiaoming of Northern Wei,/wiki/Daughter_of_Emperor_Xiaoming_of_Northern_Wei
Taiping Rebellion,/wiki/Taiping_Rebellion
Hikayat Iskandar Zulkarnain,/wiki/Hikayat_Iskandar_Zulkarnain
Mutiny on the Bounty,/wiki/Mutiny_on_the_Bounty
Great Stink,/wiki/Great_Stink
The Miracle of 1511,/wiki/The_Miracle_of_1511
Great Molasses Flood,/wiki/Great_Molasses_Flood
London Beer Flood,/wiki/London_Beer_Flood
Pepsi Fruit Juice Flood,/wiki/Pepsi_Fruit_Juice_Flood
Yang Kyoungjong,/wiki/Yang_Kyoungjong
Tank Man,/wiki/Tank_Man
Dancing Plague of 1518,/wiki/Dancing_Plague_of_1518
Abul-Abbas,/wiki/Abul-Abbas
Cadaver Synod,/wiki/Cadaver_Synod
Pope Benedict IX,/wiki/Pope_Benedict_IX
Kottabos,/wiki/Kottabos
Defenestrations of Prague,/wiki/Defenestrations_of_Prague
Sacred Band of Thebes,/wiki/Sacred_Band_of_Thebes
Timothy Dexter,/wiki/Timothy_Dexter
The Protocols of the Elders of Zion,/wiki/The_Protocols_of_the_Elders_of_Zion
Anglo-Zanzibar War,/wiki/Anglo-Zanzibar_War
Jack Churchill,/wiki/Jack_Churchill
Emu War,/wiki/Emu_War
Signed zero,/wiki/Signed_zero
0.999...,/wiki/0.999...
2 + 2 = 5,/wiki/2_%2B_2_%3D_5
616 (number),/wiki/616_(number)
Belphegor's prime,/wiki/Belphegor%27s_prime
Bertrand's postulate,/wiki/Bertrand%27s_postulate
Calculator spelling,/wiki/Calculator_spelling
The Complexity of Songs,/wiki/The_Complexity_of_Songs
Erdős–Bacon number,/wiki/Erd%C5%91s%E2%80%93Bacon_number
Extravagant number,/wiki/Extravagant_number
Graham's number,/wiki/Graham%27s_number
Happy number,/wiki/Happy_number
Hexakosioihexekontahexaphobia,/wiki/Hexakosioihexekontahexaphobia
Hilbert's paradox of the Grand Hotel,/wiki/Hilbert%27s_paradox_of_the_Grand_Hotel
Illegal prime,/wiki/Illegal_prime
Illumination problem,/wiki/Illumination_problem
Indiana Pi Bill,/wiki/Indiana_Pi_Bill
Infinite monkey theorem,/wiki/Infinite_monkey_theorem
Interesting number paradox,/wiki/Interesting_number_paradox
Legendre's constant,/wiki/Legendre%27s_constant
Look-and-say sequence,/wiki/Look-and-say_sequence
Mathematical fallacy,/wiki/Mathematical_fallacy
Mathematical joke,/wiki/Mathematical_joke
Monty Hall problem,/wiki/Monty_Hall_problem
Narcissistic number,/wiki/Narcissistic_number
Nothing up my sleeve number,/wiki/Nothing_up_my_sleeve_number
Numbers station,/wiki/Numbers_station
Minkowski's question mark function,/wiki/Minkowski%27s_question_mark_function
Ramanujan summation,/wiki/Ramanujan_summation
Sexy prime,/wiki/Sexy_prime
Spaghetti sort,/wiki/Spaghetti_sort
Taxicab number,/wiki/Taxicab_number
Tetraphobia,/wiki/Tetraphobia
Triskaidekaphobia,/wiki/Triskaidekaphobia
Ulam spiral,/wiki/Ulam_spiral
Undecimber,/wiki/Undecimber
Vampire number,/wiki/Vampire_number
Will Rogers phenomenon,/wiki/Will_Rogers_phenomenon
Zenzizenzizenzic,/wiki/Zenzizenzizenzic
Zero-based numbering,/wiki/Zero-based_numbering
11:11 (numerology),/wiki/11:11_(numerology)
Ruth Belville,/wiki/Ruth_Belville
Chrismukkah,/wiki/Chrismukkah
February 30,/wiki/February_30
Festivus,/wiki/Festivus
International Talk Like a Pirate Day,/wiki/International_Talk_Like_a_Pirate_Day
January 0,/wiki/January_0
Manhattanhenge,/wiki/Manhattanhenge
Mole Day,/wiki/Mole_Day
Phantom time hypothesis,/wiki/Phantom_time_hypothesis
Pi Day,/wiki/Pi_Day
Tau Day,/wiki/Tau_Day
Square Root Day,/wiki/Square_Root_Day
Star Wars Day,/wiki/Star_Wars_Day
Towel Day,/wiki/Towel_Day
Winterval,/wiki/Winterval
Year 2000 problem,/wiki/Year_2000_problem
Year 2038 problem,/wiki/Year_2038_problem
"Year 10,000 problem","/wiki/Year_10,000_problem"
0 (year),/wiki/0_(year)
Five-minute hypothesis,/wiki/Five-minute_hypothesis
American Nudist Research Library,/wiki/American_Nudist_Research_Library
Antiqua–Fraktur dispute,/wiki/Antiqua%E2%80%93Fraktur_dispute
Apples and oranges,/wiki/Apples_and_oranges
Arcaicam Esperantom,/wiki/Arcaicam_Esperantom
Buffalo buffalo Buffalo buffalo buffalo buffalo Buffalo buffalo,/wiki/Buffalo_buffalo_Buffalo_buffalo_buffalo_buffalo_Buffalo_buffalo
Colorless green ideas sleep furiously,/wiki/Colorless_green_ideas_sleep_furiously
"Controversies about the word ""niggardly""",/wiki/Controversies_about_the_word_%22niggardly%22
Cryptophasia,/wiki/Cryptophasia
Dipstick,/wiki/Dipstick
Disambiguation (disambiguation),/wiki/Disambiguation_(disambiguation)
Dord,/wiki/Dord
The Dozens,/wiki/The_Dozens
Duck test,/wiki/Duck_test
Engrish,/wiki/Engrish
Etaoin shrdlu,/wiki/Etaoin_shrdlu
Faggin-Nazzi alphabet,/wiki/Faggin-Nazzi_alphabet
Faux Cyrillic,/wiki/Faux_Cyrillic
Fictitious entry,/wiki/Fictitious_entry
Fnord,/wiki/Fnord
Ghoti,/wiki/Ghoti
How now brown cow,/wiki/How_now_brown_cow
Hyphen War,/wiki/Hyphen_War
Inherently funny word,/wiki/Inherently_funny_word
Intentionally blank page,/wiki/Intentionally_blank_page
James while John had had had had had had had had had had had a better effect on the teacher,/wiki/James_while_John_had_had_had_had_had_had_had_had_had_had_had_a_better_effect_on_the_teacher
Latin profanity,/wiki/Latin_profanity
List of English words containing Q not followed by U,/wiki/List_of_English_words_containing_Q_not_followed_by_U
Lion-Eating Poet in the Stone Den,/wiki/Lion-Eating_Poet_in_the_Stone_Den
List of common false etymologies of English words,/wiki/List_of_common_false_etymologies_of_English_words
List of ethnic slurs,/wiki/List_of_ethnic_slurs
List of English words without rhymes,/wiki/List_of_English_words_without_rhymes
Longest word in English,/wiki/Longest_word_in_English
Mamihlapinatapai,/wiki/Mamihlapinatapai
Martian language,/wiki/Martian_language
Maternal insult,/wiki/Maternal_insult
Metal umlaut,/wiki/Metal_umlaut
Phaistos Disc,/wiki/Phaistos_Disc
Placeholder name,/wiki/Placeholder_name
Pompatus,/wiki/Pompatus
RAS syndrome,/wiki/RAS_syndrome
Russenorsk,/wiki/Russenorsk
Robert Shields (diarist),/wiki/Robert_Shields_(diarist)
Shibboleth,/wiki/Shibboleth
Shit happens,/wiki/Shit_happens
Thinking about the immortality of the crab,/wiki/Thinking_about_the_immortality_of_the_crab
Toynbee tiles,/wiki/Toynbee_tiles
There are known knowns,/wiki/There_are_known_knowns
Voynich manuscript,/wiki/Voynich_manuscript
Adolf Lu Hitler Marak,/wiki/Adolf_Lu_Hitler_Marak
Amandagamani Abhaya of Anuradhapura,/wiki/Amandagamani_Abhaya_of_Anuradhapura
Praise-God Barebone,/wiki/Praise-God_Barebone
Cesar Chavez (perennial candidate),/wiki/Cesar_Chavez_(perennial_candidate)
Mansfield Smith-Cumming,/wiki/Mansfield_Smith-Cumming
Cox–Zucker machine,/wiki/Cox%E2%80%93Zucker_machine
Deportivo Wanka,/wiki/Deportivo_Wanka
Donaudampfschiffahrtsgesellschaft,/wiki/Donaudampfschiffahrtsgesellschaft
John le Fucker,/wiki/John_le_Fucker
Argélico Fucks,/wiki/Arg%C3%A9lico_Fucks
Gregor Fučka,/wiki/Gregor_Fu%C4%8Dka
Ima Hogg,/wiki/Ima_Hogg
Tiny Kox,/wiki/Tiny_Kox
Téa,/wiki/T%C3%A9a
Jennifer 8. Lee,/wiki/Jennifer_8._Lee
Leone Sextus Tollemache,/wiki/Leone_Sextus_Tollemache
List of examples of Stigler's law,/wiki/List_of_examples_of_Stigler%27s_law
List of people with reduplicated names,/wiki/List_of_people_with_reduplicated_names
Mister Mxyzptlk,/wiki/Mister_Mxyzptlk
Seán Dublin Bay Rockall Loftus,/wiki/Se%C3%A1n_Dublin_Bay_Rockall_Loftus
Pro-Life (politician),/wiki/Pro-Life_(politician)
Preserved Fish,/wiki/Preserved_Fish
Metta World Peace,/wiki/Metta_World_Peace
Icelandic Naming Committee,/wiki/Icelandic_Naming_Committee
Neville Neville,/wiki/Neville_Neville
"Richard Temple-Nugent-Brydges-Chandos-Grenville, 3rd Duke of Buckingham and Chandos","/wiki/Richard_Temple-Nugent-Brydges-Chandos-Grenville,_3rd_Duke_of_Buckingham_and_Chandos"
Roger Fuckebythenavele,/wiki/Roger_Fuckebythenavele
States Rights Gist,/wiki/States_Rights_Gist
Thursday October Christian I,/wiki/Thursday_October_Christian_I
Tokyo Sexwale,/wiki/Tokyo_Sexwale
"Hubert Blaine Wolfeschlegelsteinhausenbergerdorff, Sr.","/wiki/Hubert_Blaine_Wolfeschlegelsteinhausenbergerdorff,_Sr."
Archaeoacoustics,/wiki/Archaeoacoustics
Ota Benga,/wiki/Ota_Benga
Buttered toast phenomenon,/wiki/Buttered_toast_phenomenon
Buttered cat paradox,/wiki/Buttered_cat_paradox
Vladimir Demikhov,/wiki/Vladimir_Demikhov
Natasha Demkina,/wiki/Natasha_Demkina
Drake's Plate of Brass,/wiki/Drake%27s_Plate_of_Brass
Elvis taxon,/wiki/Elvis_taxon
Further research is needed,/wiki/Further_research_is_needed
Gilbert U-238 Atomic Energy Laboratory,/wiki/Gilbert_U-238_Atomic_Energy_Laboratory
Lazarus taxon,/wiki/Lazarus_taxon
List of Ig Nobel Prize winners,/wiki/List_of_Ig_Nobel_Prize_winners
'Pataphysics,/wiki/%27Pataphysics
Pathological science,/wiki/Pathological_science
Project Steve,/wiki/Project_Steve
Raven paradox,/wiki/Raven_paradox
Sokal affair,/wiki/Sokal_affair
"""Women are wonderful"" effect",/wiki/%22Women_are_wonderful%22_effect
Colors of noise,/wiki/Colors_of_noise
David Hahn,/wiki/David_Hahn
Demon core,/wiki/Demon_core
"List of fictional elements, materials, isotopes and atomic particles","/wiki/List_of_fictional_elements,_materials,_isotopes_and_atomic_particles"
Flying ice cube,/wiki/Flying_ice_cube
The Hum,/wiki/The_Hum
Kundt's tube,/wiki/Kundt%27s_tube
List of unusual units of measurement,/wiki/List_of_unusual_units_of_measurement
Magic smoke,/wiki/Magic_smoke
Oh-My-God particle,/wiki/Oh-My-God_particle
Pauli effect,/wiki/Pauli_effect
Quantum suicide and immortality,/wiki/Quantum_suicide_and_immortality
Vortex tube,/wiki/Vortex_tube
Smoot,/wiki/Smoot
Chalkboard scraping,/wiki/Chalkboard_scraping
Aachenosaurus,/wiki/Aachenosaurus
Bloop,/wiki/Bloop
Continental drip,/wiki/Continental_drip
Expanding Earth,/wiki/Expanding_Earth
Flat Earth Society,/wiki/Flat_Earth_Society
Snow in Florida,/wiki/Snow_in_Florida
List of unexplained sounds,/wiki/List_of_unexplained_sounds
2006 Mumbai sweet seawater incident,/wiki/2006_Mumbai_sweet_seawater_incident
Rain of animals,/wiki/Rain_of_animals
Red rain in Kerala,/wiki/Red_rain_in_Kerala
South-up map orientation,/wiki/South-up_map_orientation
S. A. Andrée's Arctic balloon expedition of 1897,/wiki/S._A._Andr%C3%A9e%27s_Arctic_balloon_expedition_of_1897
Roy Sullivan,/wiki/Roy_Sullivan
Tinnunculite,/wiki/Tinnunculite
Waffle House Index,/wiki/Waffle_House_Index
Dihydrogen monoxide parody,/wiki/Dihydrogen_monoxide_parody
List of chemical compounds with unusual names,/wiki/List_of_chemical_compounds_with_unusual_names
Mole Day,/wiki/Mole_Day
"Thomas Midgley, Jr.","/wiki/Thomas_Midgley,_Jr."
Nanoputian,/wiki/Nanoputian
New car smell,/wiki/New_car_smell
Pykrete,/wiki/Pykrete
Red mercury,/wiki/Red_mercury
Thiotimoline,/wiki/Thiotimoline
Trimethylaminuria,/wiki/Trimethylaminuria
Unobtainium,/wiki/Unobtainium
Cosmic latte,/wiki/Cosmic_latte
Cydonia (Mars),/wiki/Cydonia_(Mars)
Elon Musk's Tesla Roadster,/wiki/Elon_Musk%27s_Tesla_Roadster
Embryo space colonization,/wiki/Embryo_space_colonization
Extraterrestrial real estate,/wiki/Extraterrestrial_real_estate
Fallen Astronaut,/wiki/Fallen_Astronaut
"Hot, dust-obscured galaxies","/wiki/Hot,_dust-obscured_galaxies"
List of hypothetical Solar System objects,/wiki/List_of_hypothetical_Solar_System_objects
Lunarcrete,/wiki/Lunarcrete
Matrioshka brain,/wiki/Matrioshka_brain
Milkdromeda,/wiki/Milkdromeda
The Moon is made of green cheese,/wiki/The_Moon_is_made_of_green_cheese
Moon landing conspiracy theories,/wiki/Moon_landing_conspiracy_theories
Moon Museum,/wiki/Moon_Museum
Nazi UFOs,/wiki/Nazi_UFOs
Sex in space,/wiki/Sex_in_space
Space advertising,/wiki/Space_advertising
Spaghettification,/wiki/Spaghettification
Solway Firth Spaceman,/wiki/Solway_Firth_Spaceman
Sylacauga (meteorite),/wiki/Sylacauga_(meteorite)
Timekeeping on Mars,/wiki/Timekeeping_on_Mars
Voyager Golden Record,/wiki/Voyager_Golden_Record
Writing in space,/wiki/Writing_in_space
Accessory breast,/wiki/Accessory_breast
Alien hand syndrome,/wiki/Alien_hand_syndrome
Black hairy tongue,/wiki/Black_hairy_tongue
Bristol stool scale,/wiki/Bristol_stool_scale
ChIA-PET,/wiki/ChIA-PET
Dimples of Venus,/wiki/Dimples_of_Venus
Dr. Young's Ideal Rectal Dilators,/wiki/Dr._Young%27s_Ideal_Rectal_Dilators
Eigengrau,/wiki/Eigengrau
Fart lighting,/wiki/Fart_lighting
Five-second rule,/wiki/Five-second_rule
Gynecomastia,/wiki/Gynecomastia
Hair-grooming syncope,/wiki/Hair-grooming_syncope
Human–animal breastfeeding,/wiki/Human%E2%80%93animal_breastfeeding
Hypertrichosis,/wiki/Hypertrichosis
Hypoalgesic effect of swearing,/wiki/Hypoalgesic_effect_of_swearing
Jenkem,/wiki/Jenkem
Licorice poisoning,/wiki/Licorice_poisoning
Maggot therapy,/wiki/Maggot_therapy
Male lactation,/wiki/Male_lactation
Maple syrup urine disease,/wiki/Maple_syrup_urine_disease
Medical students' disease,/wiki/Medical_students%27_disease
Mellified Man,/wiki/Mellified_Man
Möbius syndrome,/wiki/M%C3%B6bius_syndrome
Mucophagy,/wiki/Mucophagy
Nacirema,/wiki/Nacirema
Navel lint,/wiki/Navel_lint
Nasal sebum,/wiki/Nasal_sebum
Osteo-odonto-keratoprosthesis,/wiki/Osteo-odonto-keratoprosthesis
Paleofeces,/wiki/Paleofeces
Photic sneeze reflex,/wiki/Photic_sneeze_reflex
Rapunzel syndrome,/wiki/Rapunzel_syndrome
Retained surgical instruments,/wiki/Retained_surgical_instruments
Schmidt sting pain index,/wiki/Schmidt_sting_pain_index
Supernumerary nipple,/wiki/Supernumerary_nipple
Thumb twiddling,/wiki/Thumb_twiddling
Trepanning,/wiki/Trepanning
Uncombable hair syndrome,/wiki/Uncombable_hair_syndrome
Autofellatio,/wiki/Autofellatio
Bathroom sex,/wiki/Bathroom_sex
Bread dildo,/wiki/Bread_dildo
Cello scrotum,/wiki/Cello_scrotum
Coregasm,/wiki/Coregasm
Donkey punch,/wiki/Donkey_punch
Female hysteria,/wiki/Female_hysteria
Gerbilling,/wiki/Gerbilling
Hamster zona-free ovum test,/wiki/Hamster_zona-free_ovum_test
Human penis size,/wiki/Human_penis_size
Koro (medicine),/wiki/Koro_(medicine)
Lithopedion,/wiki/Lithopedion
Male pregnancy,/wiki/Male_pregnancy
National Masturbation Day,/wiki/National_Masturbation_Day
Parasitic twin,/wiki/Parasitic_twin
Penis panic,/wiki/Penis_panic
Persistent genital arousal disorder,/wiki/Persistent_genital_arousal_disorder
Puppy pregnancy syndrome,/wiki/Puppy_pregnancy_syndrome
Self-inflicted caesarean section,/wiki/Self-inflicted_caesarean_section
Sleep sex,/wiki/Sleep_sex
Jeanne Calment,/wiki/Jeanne_Calment
Abigail and Brittany Hensel,/wiki/Abigail_and_Brittany_Hensel
Stubbins Ffirth,/wiki/Stubbins_Ffirth
Phineas Gage,/wiki/Phineas_Gage
Hans Langseth,/wiki/Hans_Langseth
Robert Liston,/wiki/Robert_Liston
Lina Medina,/wiki/Lina_Medina
Chandre Oram,/wiki/Chandre_Oram
Adam Rainer,/wiki/Adam_Rainer
Alexis St. Martin,/wiki/Alexis_St._Martin
Tarrare,/wiki/Tarrare
Mary Toft,/wiki/Mary_Toft
Barry Marshall,/wiki/Barry_Marshall
Anton-Babinski syndrome,/wiki/Anton-Babinski_syndrome
Bananadine,/wiki/Bananadine
Capgras delusion,/wiki/Capgras_delusion
Charles Bonnet syndrome,/wiki/Charles_Bonnet_syndrome
Cotard delusion,/wiki/Cotard_delusion
Dancing mania,/wiki/Dancing_mania
Electromagnetic hypersensitivity,/wiki/Electromagnetic_hypersensitivity
Encopresis,/wiki/Encopresis
Exploding head syndrome,/wiki/Exploding_head_syndrome
False memory,/wiki/False_memory
Foreign accent syndrome,/wiki/Foreign_accent_syndrome
Fregoli delusion,/wiki/Fregoli_delusion
Geophagia,/wiki/Geophagia
Homicidal sleepwalking,/wiki/Homicidal_sleepwalking
Jumping Frenchmen of Maine,/wiki/Jumping_Frenchmen_of_Maine
Klüver–Bucy syndrome,/wiki/Kl%C3%BCver%E2%80%93Bucy_syndrome
Mariko Aoki phenomenon,/wiki/Mariko_Aoki_phenomenon
Project MKULTRA,/wiki/Project_MKULTRA
Paris Syndrome,/wiki/Paris_Syndrome
Rosenhan experiment,/wiki/Rosenhan_experiment
Stendhal syndrome,/wiki/Stendhal_syndrome
Tanganyika laughter epidemic,/wiki/Tanganyika_laughter_epidemic
Target fixation,/wiki/Target_fixation
Tip of the tongue,/wiki/Tip_of_the_tongue
The Truman Show delusion,/wiki/The_Truman_Show_delusion
Urophagia,/wiki/Urophagia
Adactylidium,/wiki/Adactylidium
Animals in space,/wiki/Animals_in_space
Animal attacks,/wiki/Animal_attacks
Apophallation,/wiki/Apophallation
Bobbit worm,/wiki/Bobbit_worm
Candiru,/wiki/Candiru
Conservation-induced extinction,/wiki/Conservation-induced_extinction
Spirobranchus giganteus,/wiki/Spirobranchus_giganteus
Depopulation of cockroaches in the ex-USSR countries,/wiki/Depopulation_of_cockroaches_in_the_ex-USSR_countries
Epomis,/wiki/Epomis
Exploding toad,/wiki/Exploding_toad
Hallucinogenic fish,/wiki/Hallucinogenic_fish
List of animals displaying homosexual behavior,/wiki/List_of_animals_displaying_homosexual_behavior
London Underground mosquito,/wiki/London_Underground_mosquito
Love dart,/wiki/Love_dart
Uguisu no fun,/wiki/Uguisu_no_fun
Orbiting Frog Otolith,/wiki/Orbiting_Frog_Otolith
Paracerceis sculpta,/wiki/Paracerceis_sculpta
Pasilalinic-sympathetic compass,/wiki/Pasilalinic-sympathetic_compass
Penis fencing,/wiki/Penis_fencing
Prostitution among animals,/wiki/Prostitution_among_animals
Stephens Island wren,/wiki/Stephens_Island_wren
Supernumerary body part,/wiki/Supernumerary_body_part
Suriname toad,/wiki/Suriname_toad
Thagomizer,/wiki/Thagomizer
Tongue-eating louse,/wiki/Tongue-eating_louse
Traumatic insemination,/wiki/Traumatic_insemination
Worm charming,/wiki/Worm_charming
Bonsai Kitten,/wiki/Bonsai_Kitten
Casper (cat),/wiki/Casper_(cat)
Dusty the Klepto Kitty,/wiki/Dusty_the_Klepto_Kitty
Grumpy Cat,/wiki/Grumpy_Cat
Odd-eyed cat,/wiki/Odd-eyed_cat
Oscar (therapy cat),/wiki/Oscar_(therapy_cat)
Cow tipping,/wiki/Cow_tipping
Hardware disease,/wiki/Hardware_disease
Lily Flagg,/wiki/Lily_Flagg
Cannibalism in poultry,/wiki/Cannibalism_in_poultry
Chicken eyeglasses,/wiki/Chicken_eyeglasses
Chicken Dance,/wiki/Chicken_Dance
The Chicken (dance),/wiki/The_Chicken_(dance)
Chicken gun,/wiki/Chicken_gun
Chicken hypnotism,/wiki/Chicken_hypnotism
Chicken or the egg,/wiki/Chicken_or_the_egg
Chick sexing,/wiki/Chick_sexing
Blue Peacock,/wiki/Blue_Peacock
Empathy in chickens,/wiki/Empathy_in_chickens
Mike the Headless Chicken,/wiki/Mike_the_Headless_Chicken
Tastes like chicken,/wiki/Tastes_like_chicken
Squirrel induced power outages in Pennsylvania,/wiki/Squirrel_induced_power_outages_in_Pennsylvania
Squirrel attacks,/wiki/Squirrel_attacks
Squirrel fishing,/wiki/Squirrel_fishing
Ambergris,/wiki/Ambergris
Berserk llama syndrome,/wiki/Berserk_llama_syndrome
Danish Protest Pig,/wiki/Danish_Protest_Pig
Deer penis,/wiki/Deer_penis
Diving horse,/wiki/Diving_horse
Domesticated silver fox,/wiki/Domesticated_silver_fox
Exploding whale,/wiki/Exploding_whale
Fainting goat,/wiki/Fainting_goat
Globster,/wiki/Globster
Guided rat,/wiki/Guided_rat
Overtoun Bridge,/wiki/Overtoun_Bridge
Panda pornography,/wiki/Panda_pornography
Street dogs in Moscow,/wiki/Street_dogs_in_Moscow
The dog ate my homework,/wiki/The_dog_ate_my_homework
Weasel war dance,/wiki/Weasel_war_dance
Whale fall,/wiki/Whale_fall
52-hertz whale,/wiki/52-hertz_whale
Adwaita,/wiki/Adwaita
Benson (fish),/wiki/Benson_(fish)
Bubbles (chimpanzee),/wiki/Bubbles_(chimpanzee)
Enumclaw horse sex case,/wiki/Enumclaw_horse_sex_case
"Fe, Fi, Fo, Fum, and Phooey","/wiki/Fe,_Fi,_Fo,_Fum,_and_Phooey"
George (lobster),/wiki/George_(lobster)
Grape-kun,/wiki/Grape-kun
Harambe,/wiki/Harambe
Henry the Hexapus,/wiki/Henry_the_Hexapus
Hoover the talking seal,/wiki/Hoover_the_talking_seal
Jack (chacma baboon),/wiki/Jack_(chacma_baboon)
Jenny Haniver,/wiki/Jenny_Haniver
Jeremy (snail),/wiki/Jeremy_(snail)
Jonathan (tortoise),/wiki/Jonathan_(tortoise)
Khanzir,/wiki/Khanzir
Lin Wang,/wiki/Lin_Wang
Mary (elephant),/wiki/Mary_(elephant)
Nim Chimpsky,/wiki/Nim_Chimpsky
Osama bin Laden (elephant),/wiki/Osama_bin_Laden_(elephant)
Owen and Mzee,/wiki/Owen_and_Mzee
Paul the Octopus,/wiki/Paul_the_Octopus
Ravens of the Tower of London,/wiki/Ravens_of_the_Tower_of_London
River Thames whale,/wiki/River_Thames_whale
Tillamook Cheddar (dog),/wiki/Tillamook_Cheddar_(dog)
Timothy (tortoise),/wiki/Timothy_(tortoise)
Topsy (elephant),/wiki/Topsy_(elephant)
Wojtek (soldier bear),/wiki/Wojtek_(soldier_bear)
Anophthalmus hitleri,/wiki/Anophthalmus_hitleri
Aptostichus stephencolberti,/wiki/Aptostichus_stephencolberti
Bill Gates' flower fly,/wiki/Bill_Gates%27_flower_fly
Madidi Titi,/wiki/Madidi_Titi
Harryplax,/wiki/Harryplax
Mothers against decapentaplegic,/wiki/Mothers_against_decapentaplegic
Neopalpa donaldtrumpi,/wiki/Neopalpa_donaldtrumpi
Pikachurin,/wiki/Pikachurin
Megalosaurus,"/wiki/Megalosaurus#""Scrotum_humanum"""
Setaceous Hebrew Character,/wiki/Setaceous_Hebrew_Character
Covered smut (barley),/wiki/Covered_smut_(barley)
False loose smut,/wiki/False_loose_smut
Loose smut,/wiki/Loose_smut
Sonic hedgehog (protein),/wiki/Sonic_hedgehog_(protein)
Spongiforma squarepantsii,/wiki/Spongiforma_squarepantsii
Strigiphilus garylarsoni,/wiki/Strigiphilus_garylarsoni
Synalpheus pinkfloydi,/wiki/Synalpheus_pinkfloydi
Thaumatodryinus tuukkaraski,/wiki/Thaumatodryinus_tuukkaraski
Zombie taxon,/wiki/Zombie_taxon
Zyzyxia lundellii,/wiki/Zyzyxia_lundellii
Zyzzyzus warreni,/wiki/Zyzzyzus_warreni
Arbre du Ténéré,/wiki/Arbre_du_T%C3%A9n%C3%A9r%C3%A9
Bialbero di Casorzo,/wiki/Bialbero_di_Casorzo
Chandelier Tree,/wiki/Chandelier_Tree
Olympic oaks,/wiki/Olympic_oaks
Moon tree,/wiki/Moon_tree
Nepenthes lowii,/wiki/Nepenthes_lowii
Mimosa pudica,/wiki/Mimosa_pudica
Old Man of the Lake,/wiki/Old_Man_of_the_Lake
Pando (tree),/wiki/Pando_(tree)
Plant arithmetic,/wiki/Plant_arithmetic
Echinopsis lageniformis,/wiki/Echinopsis_lageniformis
Alley Pond Park,/wiki/Alley_Pond_Park#Queens_Giant
Tree of Knowledge (Australia),/wiki/Tree_of_Knowledge_(Australia)
Antikythera mechanism,/wiki/Antikythera_mechanism
Brabham BT46,/wiki/Brabham_BT46
Canard Digérateur,/wiki/Canard_Dig%C3%A9rateur
Centennial Light,/wiki/Centennial_Light
Clocky,/wiki/Clocky
Digital sundial,/wiki/Digital_sundial
Dreamachine,/wiki/Dreamachine
Electronic voice phenomenon,/wiki/Electronic_voice_phenomenon
Hedy Lamarr,/wiki/Hedy_Lamarr
History of perpetual motion machines,/wiki/History_of_perpetual_motion_machines
Klerksdorp sphere,/wiki/Klerksdorp_sphere
List of inventors killed by their own inventions,/wiki/List_of_inventors_killed_by_their_own_inventions
Marvin Heemeyer,/wiki/Marvin_Heemeyer
Mosquito laser,/wiki/Mosquito_laser
One red paperclip,/wiki/One_red_paperclip
Parking chair,/wiki/Parking_chair
Pigeon photography,/wiki/Pigeon_photography
Project Cybersyn,/wiki/Project_Cybersyn
Royal Mail rubber band,/wiki/Royal_Mail_rubber_band
Russian floating nuclear power station,/wiki/Russian_floating_nuclear_power_station
Spork,/wiki/Spork
Tempest Prognosticator,/wiki/Tempest_Prognosticator
Turboencabulator,/wiki/Turboencabulator
Uncanny valley,/wiki/Uncanny_valley
Useless machine,/wiki/Useless_machine
Wheat lamp,/wiki/Wheat_lamp
Wrap rage,/wiki/Wrap_rage
Xianxingzhe,/wiki/Xianxingzhe
Darlie,/wiki/Darlie
Fatberg,/wiki/Fatberg
Female urination device,/wiki/Female_urination_device
Groom of the Stool,/wiki/Groom_of_the_Stool
Hotel toilet-paper folding,/wiki/Hotel_toilet-paper_folding
Interactive Urinal Communicator,/wiki/Interactive_Urinal_Communicator
ILoo,/wiki/ILoo
Committee to End Pay Toilets in America,/wiki/Committee_to_End_Pay_Toilets_in_America
Toilets in Japan,/wiki/Toilets_in_Japan
List of people who died on the toilet,/wiki/List_of_people_who_died_on_the_toilet
Lloyds Bank coprolite,/wiki/Lloyds_Bank_coprolite
Stainless steel soap,/wiki/Stainless_steel_soap
Toilet-related injury,/wiki/Toilet-related_injury
Toilet paper orientation,/wiki/Toilet_paper_orientation
Whizzinator,/wiki/Whizzinator
World Toilet Day,/wiki/World_Toilet_Day
The dress,/wiki/The_dress
Koteka,/wiki/Koteka
Meat dress of Lady Gaga,/wiki/Meat_dress_of_Lady_Gaga
Muffin top,/wiki/Muffin_top
Shoe tossing,/wiki/Shoe_tossing
Sweater curse,/wiki/Sweater_curse
Three Wolf Moon,/wiki/Three_Wolf_Moon
Tin foil hat,/wiki/Tin_foil_hat
2001 Japan Airlines mid-air incident,/wiki/2001_Japan_Airlines_mid-air_incident
Aeroflot Flight 593,/wiki/Aeroflot_Flight_593
Ampelmännchen,/wiki/Ampelm%C3%A4nnchen
Amtrak paint schemes,/wiki/Amtrak_paint_schemes
Amtrak,/wiki/Amtrak
Boaty McBoatface,/wiki/Boaty_McBoatface
British Rail flying saucer,/wiki/British_Rail_flying_saucer
China National Highway 110 traffic jam,/wiki/China_National_Highway_110_traffic_jam
Cycloped,/wiki/Cycloped
Dagen H,/wiki/Dagen_H
Dymaxion car,/wiki/Dymaxion_car
Experiment (horse-powered boat),/wiki/Experiment_(horse-powered_boat)
Get Out and Push Railroad,/wiki/Get_Out_and_Push_Railroad
Gimli Glider,/wiki/Gimli_Glider
Human mail,/wiki/Human_mail
Iron Dobbin,/wiki/Iron_Dobbin
Jesus nut,/wiki/Jesus_nut
Loose wheel nut indicator,/wiki/Loose_wheel_nut_indicator
Mile High Club,/wiki/Mile_High_Club
Mehran Karimi Nasseri,/wiki/Mehran_Karimi_Nasseri
Miss Belvedere,/wiki/Miss_Belvedere
Passenger train toilets,/wiki/Passenger_train_toilets
Peel P50,/wiki/Peel_P50
PZL M-15 Belphegor,/wiki/PZL_M-15_Belphegor
Reliant Regal,/wiki/Reliant_Regal
Rocket mail,/wiki/Rocket_mail
RP FLIP,/wiki/RP_FLIP
School bus yellow,/wiki/School_bus_yellow
Screw-propelled vehicle,/wiki/Screw-propelled_vehicle
Shipping container architecture,/wiki/Shipping_container_architecture
"Society for the Prevention of Calling Sleeping Car Porters ""George""",/wiki/Society_for_the_Prevention_of_Calling_Sleeping_Car_Porters_%22George%22
South Pointing Chariot,/wiki/South_Pointing_Chariot
Train surfing,/wiki/Train_surfing
Unused highway,/wiki/Unused_highway
USGlobal Airways,/wiki/USGlobal_Airways
Vomit Comet,/wiki/Vomit_Comet
Wallsend Metro station,/wiki/Wallsend_Metro_station
Westray to Papa Westray flight,/wiki/Westray_to_Papa_Westray_flight
.nu,/wiki/.nu
Blinkenlights,/wiki/Blinkenlights
The Book of Mozilla,/wiki/The_Book_of_Mozilla
Brainfuck,/wiki/Brainfuck
Brian's Brain,/wiki/Brian%27s_Brain
Bush hid the facts,/wiki/Bush_hid_the_facts
Chudnovsky brothers,/wiki/Chudnovsky_brothers
Esoteric programming language,/wiki/Esoteric_programming_language
Evil bit,/wiki/Evil_bit
Guru meditation,/wiki/Guru_meditation
Hyper Text Coffee Pot Control Protocol,/wiki/Hyper_Text_Coffee_Pot_Control_Protocol
I Am Rich,/wiki/I_Am_Rich
IP over Avian Carriers,/wiki/IP_over_Avian_Carriers
ISmell,/wiki/ISmell
Leet,/wiki/Leet
Lenna,/wiki/Lenna
Lp0 on fire,/wiki/Lp0_on_fire
MacQuarium,/wiki/MacQuarium
MONIAC Computer,/wiki/MONIAC_Computer
On the Cruelty of Really Teaching Computer Science,/wiki/On_the_Cruelty_of_Really_Teaching_Computer_Science
Reality distortion field,/wiki/Reality_distortion_field
Rubber-hose cryptanalysis,/wiki/Rubber-hose_cryptanalysis
Scunthorpe problem,/wiki/Scunthorpe_problem
Self-balancing unicycle,/wiki/Self-balancing_unicycle
Shellshock (software bug),/wiki/Shellshock_(software_bug)
Tay (bot),/wiki/Tay_(bot)
TempleOS,/wiki/TempleOS
Terry A. Davis,/wiki/Terry_A._Davis
Trojan room coffee pot,/wiki/Trojan_room_coffee_pot
Utah teapot,/wiki/Utah_teapot
Pentium F00F Bug,/wiki/Pentium_F00F_Bug
The Aristocrats (joke),/wiki/The_Aristocrats_(joke)
Bigipedia,/wiki/Bigipedia
"Boys are stupid, throw rocks at them! controversy","/wiki/Boys_are_stupid,_throw_rocks_at_them!_controversy"
George P. Burdell,/wiki/George_P._Burdell
List of defunct amusement parks,/wiki/List_of_defunct_amusement_parks
Hundeprutterutchebane,/wiki/Hundeprutterutchebane
The Bus Uncle,/wiki/The_Bus_Uncle
Conan the Librarian,/wiki/Conan_the_Librarian
Croydon facelift,/wiki/Croydon_facelift
Cultural depictions of Napoleon,/wiki/Cultural_depictions_of_Napoleon
Kawaii,/wiki/Kawaii
Evil clown,/wiki/Evil_clown
Evil Overlord List,/wiki/Evil_Overlord_List
Flash mob,/wiki/Flash_mob
Fuck for Forest,/wiki/Fuck_for_Forest
Garden hermit,/wiki/Garden_hermit
Ghost-riding,/wiki/Ghost-riding
Great Stork Derby,/wiki/Great_Stork_Derby
Gurn,/wiki/Gurn
Human rainbow,/wiki/Human_rainbow
Issei Sagawa,/wiki/Issei_Sagawa
Kayfabe,/wiki/Kayfabe
Killer toys,/wiki/Killer_toys
Love padlocks,/wiki/Love_padlocks
Masturbate-a-thon,/wiki/Masturbate-a-thon
Meta-joke,/wiki/Meta-joke
Metafiction,/wiki/Metafiction
Mooning the Cog,/wiki/Mooning_the_Cog
Nazi chic,/wiki/Nazi_chic
No soap radio,/wiki/No_soap_radio
NUKEMAP,/wiki/NUKEMAP
Obay,/wiki/Obay
Pen spinning,/wiki/Pen_spinning
Le Pétomane,/wiki/Le_P%C3%A9tomane
Aron Ralston,/wiki/Aron_Ralston
Real-life superhero,/wiki/Real-life_superhero
Sardarji jokes,/wiki/Sardarji_jokes
List of school pranks,/wiki/List_of_school_pranks
Treacle mining,/wiki/Treacle_mining
Larry Walters,/wiki/Larry_Walters
The World Famous Bushman,/wiki/The_World_Famous_Bushman
VHEMT,/wiki/VHEMT
You kids get off my lawn!,/wiki/You_kids_get_off_my_lawn!
Artist's Shit,/wiki/Artist%27s_Shit
A Woman Hitting a Neo-Nazi With Her Handbag,/wiki/A_Woman_Hitting_a_Neo-Nazi_With_Her_Handbag
America (toilet),/wiki/America_(toilet)
Australia's big things,/wiki/Australia%27s_big_things
Banksy,/wiki/Banksy
Bog Standard Gallery,/wiki/Bog_Standard_Gallery
Boll Weevil Monument,/wiki/Boll_Weevil_Monument
Bottle Rack,/wiki/Bottle_Rack
Chamber of Art and Curiosities,/wiki/Chamber_of_Art_and_Curiosities
Cool S,/wiki/Cool_S
Earring Magic Ken,/wiki/Earring_Magic_Ken
Dinny the Dinosaur,/wiki/Dinny_the_Dinosaur
Fire photography,/wiki/Fire_photography
"Fourth plinth, Trafalgar Square","/wiki/Fourth_plinth,_Trafalgar_Square"
Fremont Troll,/wiki/Fremont_Troll
Garden gnome liberationists,/wiki/Garden_gnome_liberationists
Gävle goat,/wiki/G%C3%A4vle_goat
Hahn/Cock,/wiki/Hahn/Cock
The Headington Shark,/wiki/The_Headington_Shark
Hellmouth,/wiki/Hellmouth
Howard Hallis,/wiki/Howard_Hallis
Katrina refrigerator,/wiki/Katrina_refrigerator
Knitta Please,/wiki/Knitta_Please
La Princesse,/wiki/La_Princesse
Le Rêve (Picasso),/wiki/Le_R%C3%AAve_(Picasso)
Largest photographs in the world,/wiki/Largest_photographs_in_the_world
List of fictional colors,/wiki/List_of_fictional_colors
Mexican Perforation,/wiki/Mexican_Perforation
Museum of Bad Art,/wiki/Museum_of_Bad_Art
Paintings by Adolf Hitler,/wiki/Paintings_by_Adolf_Hitler
Pantone 448 C,/wiki/Pantone_448_C
Phallic architecture,/wiki/Phallic_architecture
Portland International Airport carpet,/wiki/Portland_International_Airport_carpet
Pink Lady (art),/wiki/Pink_Lady_(art)
Abel Ramírez Águilar,/wiki/Abel_Ram%C3%ADrez_%C3%81guilar
Roundabout dog,/wiki/Roundabout_dog
Sacred Cod,/wiki/Sacred_Cod
Scandinavian Institute of Comparative Vandalism,/wiki/Scandinavian_Institute_of_Comparative_Vandalism
Superlambanana,/wiki/Superlambanana
Tillie (murals),/wiki/Tillie_(murals)
Reverence (sculpture),/wiki/Reverence_(sculpture)
Acme Corporation,/wiki/Acme_Corporation
Afghanis-tan,/wiki/Afghanis-tan
Archie Meets the Punisher,/wiki/Archie_Meets_the_Punisher
Arm-Fall-Off-Boy,/wiki/Arm-Fall-Off-Boy
Arseface,/wiki/Arseface
Bobobo-bo Bo-bobo,/wiki/Bobobo-bo_Bo-bobo
Cartoon physics,/wiki/Cartoon_physics
Censored Eleven,/wiki/Censored_Eleven
Clan McDuck,/wiki/Clan_McDuck
Comic book death,/wiki/Comic_book_death
Der Fuehrer's Face,/wiki/Der_Fuehrer%27s_Face
Gorillas in comics,/wiki/Gorillas_in_comics
Homosexuality in the Batman franchise,/wiki/Homosexuality_in_the_Batman_franchise
Jenny Everywhere,/wiki/Jenny_Everywhere
The Metric Marvels,/wiki/The_Metric_Marvels
Moe anthropomorphism,/wiki/Moe_anthropomorphism
Mr. Immortal,/wiki/Mr._Immortal
NFL SuperPro,/wiki/NFL_SuperPro
Tentacle erotica,/wiki/Tentacle_erotica
Uncle Grandpa,/wiki/Uncle_Grandpa
112 Gripes About the French,/wiki/112_Gripes_About_the_French
Aldiborontiphoskyphorniostikos,/wiki/Aldiborontiphoskyphorniostikos
Anthropodermic bibliopegy,/wiki/Anthropodermic_bibliopegy
Atlanta Nights,/wiki/Atlanta_Nights
The Book of Heroic Failures,/wiki/The_Book_of_Heroic_Failures
Bookseller/Diagram Prize for Oddest Title of the Year,/wiki/Bookseller/Diagram_Prize_for_Oddest_Title_of_the_Year
La Bougie du Sapeur,/wiki/La_Bougie_du_Sapeur
Bulwer-Lytton Fiction Contest,/wiki/Bulwer-Lytton_Fiction_Contest
Dinosaur erotica,/wiki/Dinosaur_erotica
Lyttle Lytton Contest,/wiki/Lyttle_Lytton_Contest
Death poem,/wiki/Death_poem
Fart Proudly,/wiki/Fart_Proudly
Henry Darger,/wiki/Henry_Darger
Early American editions of The Hobbit,/wiki/Early_American_editions_of_The_Hobbit
English As She Is Spoke,/wiki/English_As_She_Is_Spoke
Evil laugh,/wiki/Evil_laugh
The Eye of Argon,/wiki/The_Eye_of_Argon
The First Blast of the Trumpet Against the Monstrous Regiment of Women,/wiki/The_First_Blast_of_the_Trumpet_Against_the_Monstrous_Regiment_of_Women
"For sale: baby shoes, never worn","/wiki/For_sale:_baby_shoes,_never_worn"
Gadsby (novel),/wiki/Gadsby_(novel)
Grammarians' War,/wiki/Grammarians%27_War
Hitler Diaries,/wiki/Hitler_Diaries
"I, Libertine","/wiki/I,_Libertine"
Lecherous Limericks,/wiki/Lecherous_Limericks
Lesbian vampire,/wiki/Lesbian_vampire
Lion-Eating Poet in the Stone Den,/wiki/Lion-Eating_Poet_in_the_Stone_Den
"List of works with the subtitle ""Virtue Rewarded""",/wiki/List_of_works_with_the_subtitle_%22Virtue_Rewarded%22
Lobby Lud,/wiki/Lobby_Lud
Magical negro,/wiki/Magical_negro
Marlovian theory,/wiki/Marlovian_theory
William McGonagall,/wiki/William_McGonagall
Men in Aida,/wiki/Men_in_Aida
The Meaning of Hitler (book),/wiki/The_Meaning_of_Hitler_(book)
My Immortal (fan fiction),/wiki/My_Immortal_(fan_fiction)
Naked Came the Stranger,/wiki/Naked_Came_the_Stranger
Order of the Occult Hand,/wiki/Order_of_the_Occult_Hand
On Bullshit,/wiki/On_Bullshit
Ossian,/wiki/Ossian
Philip M. Parker,/wiki/Philip_M._Parker
Political interpretations of The Wonderful Wizard of Oz,/wiki/Political_interpretations_of_The_Wonderful_Wizard_of_Oz
Rolling Stone (Uganda),/wiki/Rolling_Stone_(Uganda)
Amanda McKittrick Ros,/wiki/Amanda_McKittrick_Ros
Saddam Hussein's novels,/wiki/Saddam_Hussein%27s_novels
Shakespeare authorship question,/wiki/Shakespeare_authorship_question
Shakespeare Apocrypha,/wiki/Shakespeare_Apocrypha
"Society of Science, Letters and Art","/wiki/Society_of_Science,_Letters_and_Art"
"Striking and Picturesque Delineations of the Grand, Beautiful, Wonderful, and Interesting Scenery Around Loch-Earn","/wiki/Striking_and_Picturesque_Delineations_of_the_Grand,_Beautiful,_Wonderful,_and_Interesting_Scenery_Around_Loch-Earn"
There once was a man from Nantucket,/wiki/There_once_was_a_man_from_Nantucket
Le Train de Nulle Part,/wiki/Le_Train_de_Nulle_Part
2001 Clear Channel memorandum,/wiki/2001_Clear_Channel_memorandum
27 Club,/wiki/27_Club
Elvis impersonator,/wiki/Elvis_impersonator
4′33″,/wiki/4%E2%80%B233%E2%80%B3
AKB48 Group,/wiki/AKB48_Group
All Lights Fucked on the Hairy Amp Drooling,/wiki/All_Lights_Fucked_on_the_Hairy_Amp_Drooling
Animutation,/wiki/Animutation
As Slow As Possible,/wiki/As_Slow_As_Possible
Bleach (American band Bleach album),/wiki/Bleach_(American_band_Bleach_album)
Bleach (Japanese band Bleach album),/wiki/Bleach_(Japanese_band_Bleach_album)
The Boy Bands Have Won,/wiki/The_Boy_Bands_Have_Won
Rosemary Brown (spiritualist),/wiki/Rosemary_Brown_(spiritualist)
Camouflage (Chris Sievey song),/wiki/Camouflage_(Chris_Sievey_song)
Cat organ,/wiki/Cat_organ
CD Rev,/wiki/CD_Rev
Chillwave,/wiki/Chillwave
Cigarettes and Valentines,/wiki/Cigarettes_and_Valentines
Collapse of Smile,/wiki/Collapse_of_Smile
Curse of the ninth,/wiki/Curse_of_the_ninth
Danger Mouse and Sparklehorse Present: Dark Night of the Soul,/wiki/Danger_Mouse_and_Sparklehorse_Present:_Dark_Night_of_the_Soul
Dark Side of the Rainbow,/wiki/Dark_Side_of_the_Rainbow
Das erste Wiener Gemüseorchester,/wiki/Das_erste_Wiener_Gem%C3%BCseorchester
Earworm,/wiki/Earworm
Electroencephalophone,/wiki/Electroencephalophone
Escopetarra,/wiki/Escopetarra
Elvis sightings,/wiki/Elvis_sightings
Elvis' Greatest Shit,/wiki/Elvis%27_Greatest_Shit
Euro-Vision,/wiki/Euro-Vision
"Fogerty v. Fantasy, Inc.","/wiki/Fogerty_v._Fantasy,_Inc."
Fyre Festival,/wiki/Fyre_Festival
Grunge speak,/wiki/Grunge_speak
Hatebeak,/wiki/Hatebeak
Joyce Hatto,/wiki/Joyce_Hatto
Helikopter-Streichquartett,/wiki/Helikopter-Streichquartett
Hitler Has Only Got One Ball,/wiki/Hitler_Has_Only_Got_One_Ball
Industrial musical,/wiki/Industrial_musical
Bobby Jameson,/wiki/Bobby_Jameson
Jandek,/wiki/Jandek
Jeg har set en rigtig negermand,/wiki/Jeg_har_set_en_rigtig_negermand
Florence Foster Jenkins,/wiki/Florence_Foster_Jenkins
Leck mich im Arsch,/wiki/Leck_mich_im_Arsch
The Lillywhite Sessions,/wiki/The_Lillywhite_Sessions
List of musical works in unusual time signatures,/wiki/List_of_musical_works_in_unusual_time_signatures
List of silent musical compositions,/wiki/List_of_silent_musical_compositions
List of songs topping polls for worst songs,/wiki/List_of_songs_topping_polls_for_worst_songs
Literal music video,/wiki/Literal_music_video
Loudness war,/wiki/Loudness_war
Manualism (hand music),/wiki/Manualism_(hand_music)
Metal Machine Music,/wiki/Metal_Machine_Music
Microgenre,/wiki/Microgenre
The Monty Python Matching Tie and Handkerchief,/wiki/The_Monty_Python_Matching_Tie_and_Handkerchief
Moondog,/wiki/Moondog
R. Stevie Moore,/wiki/R._Stevie_Moore
More cowbell,/wiki/More_cowbell
The Most Unwanted Song,/wiki/The_Most_Unwanted_Song
MP4 (band),/wiki/MP4_(band)
Musical saw,/wiki/Musical_saw
Musikalisches Würfelspiel,/wiki/Musikalisches_W%C3%BCrfelspiel
Musique pour Supermarché,/wiki/Musique_pour_Supermarch%C3%A9
My Way killings,/wiki/My_Way_killings
Never Learn Not to Love,/wiki/Never_Learn_Not_to_Love
Nyah nyah nyah nyah nyah nyah,/wiki/Nyah_nyah_nyah_nyah_nyah_nyah
Okilly Dokilly,/wiki/Okilly_Dokilly
P Funk mythology,/wiki/P_Funk_mythology
Paul is dead,/wiki/Paul_is_dead
Pink Floyd pigs,/wiki/Pink_Floyd_pigs
PopMart Tour,/wiki/PopMart_Tour
Proibidão,/wiki/Proibid%C3%A3o
Publius Enigma,/wiki/Publius_Enigma
Operation Nifty Package,/wiki/Operation_Nifty_Package
Rage Over a Lost Penny,/wiki/Rage_Over_a_Lost_Penny
Ready 'N Steady,/wiki/Ready_%27N_Steady
Rockism and poptimism,/wiki/Rockism_and_poptimism
The Shaggs,/wiki/The_Shaggs
William Shatner's musical career,/wiki/William_Shatner%27s_musical_career
Sleepify,/wiki/Sleepify
Thai Elephant Orchestra,/wiki/Thai_Elephant_Orchestra
To Anacreon in Heaven,/wiki/To_Anacreon_in_Heaven
Tokyo Ghetto Pussy,/wiki/Tokyo_Ghetto_Pussy
Tout-à-Coup Jazz,/wiki/Tout-%C3%A0-Coup_Jazz
Tromboon,/wiki/Tromboon
Ugly stick,/wiki/Ugly_stick
Up to eleven,/wiki/Up_to_eleven
Ventolin (EP),/wiki/Ventolin_(EP)
You Suffer,/wiki/You_Suffer
The Zimmers,/wiki/The_Zimmers
Zombeatles,/wiki/Zombeatles
100 Years (film),/wiki/100_Years_(film)
An Alan Smithee Film: Burn Hollywood Burn,/wiki/An_Alan_Smithee_Film:_Burn_Hollywood_Burn
Ambiancé,/wiki/Ambianc%C3%A9
Big Dumb Object,/wiki/Big_Dumb_Object
Birdemic: Shock and Terror,/wiki/Birdemic:_Shock_and_Terror
Nothing Lasts Forever (film),/wiki/Nothing_Lasts_Forever_(film)
Return of the Jedi,/wiki/Return_of_the_Jedi#Filming
The Canadian Conspiracy,/wiki/The_Canadian_Conspiracy
Conspiracy 58,/wiki/Conspiracy_58
The Cure for Insomnia,/wiki/The_Cure_for_Insomnia
The Day the Clown Cried,/wiki/The_Day_the_Clown_Cried
Dump months,/wiki/Dump_months
Empire (1964 film),/wiki/Empire_(1964_film)
First on the Moon,/wiki/First_on_the_Moon
The Flintstones & WWE: Stone Age SmackDown!,/wiki/The_Flintstones_%26_WWE:_Stone_Age_SmackDown!
"I Killed My Lesbian Wife, Hung Her on a Meat Hook, and Now I Have a Three-Picture Deal at Disney","/wiki/I_Killed_My_Lesbian_Wife,_Hung_Her_on_a_Meat_Hook,_and_Now_I_Have_a_Three-Picture_Deal_at_Disney"
Jesus Christ Vampire Hunter,/wiki/Jesus_Christ_Vampire_Hunter
Kin-yan Lee,/wiki/Kin-yan_Lee
List of films featuring giant monsters,/wiki/List_of_films_featuring_giant_monsters
"List of films that most frequently use the word ""fuck""",/wiki/List_of_films_that_most_frequently_use_the_word_%22fuck%22
Logistics (film),/wiki/Logistics_(film)
The Longest Most Meaningless Movie in the World,/wiki/The_Longest_Most_Meaningless_Movie_in_the_World
Manic Pixie Dream Girl,/wiki/Manic_Pixie_Dream_Girl
Manos: The Hands of Fate,/wiki/Manos:_The_Hands_of_Fate
Mockbuster,/wiki/Mockbuster
"Modern Times Forever (Stora Enso Building, Helsinki)","/wiki/Modern_Times_Forever_(Stora_Enso_Building,_Helsinki)"
Monster a Go-Go,/wiki/Monster_a_Go-Go
"Night of the Day of the Dawn of the Son of the Bride of the Return of the Revenge of the Terror of the Attack of the Evil, Mutant, Alien, Flesh Eating, Hellbound, Zombified Living Dead Part 2: In Shocking 2-D","/wiki/Night_of_the_Day_of_the_Dawn_of_the_Son_of_the_Bride_of_the_Return_of_the_Revenge_of_the_Terror_of_the_Attack_of_the_Evil,_Mutant,_Alien,_Flesh_Eating,_Hellbound,_Zombified_Living_Dead_Part_2:_In_Shocking_2-D"
Oscar bait,/wiki/Oscar_bait
Paint Drying,/wiki/Paint_Drying
Pulgasari,/wiki/Pulgasari
Roundhay Garden Scene,/wiki/Roundhay_Garden_Scene
"Shaken, not stirred","/wiki/Shaken,_not_stirred"
Space Nazis,/wiki/Space_Nazis
Spaghetti trees,/wiki/Spaghetti_trees
SSSSSSS,/wiki/SSSSSSS
Stay Puft Marshmallow Man,/wiki/Stay_Puft_Marshmallow_Man
Stinking badges,/wiki/Stinking_badges
Surf Nazis Must Die,/wiki/Surf_Nazis_Must_Die
Taylor Mead's Ass,/wiki/Taylor_Mead%27s_Ass
Twin films,/wiki/Twin_films
United Passions,/wiki/United_Passions
Wilhelm scream,/wiki/Wilhelm_scream
Zyzzyx Road,/wiki/Zyzzyx_Road
Al Murray's Compete for the Meat,/wiki/Al_Murray%27s_Compete_for_the_Meat
Alternative 3,/wiki/Alternative_3
Anti-Barney Humor,/wiki/Anti-Barney_Humor
Australia's Naughtiest Home Videos,/wiki/Australia%27s_Naughtiest_Home_Videos
Dennō Senshi Porygon,/wiki/Denn%C5%8D_Senshi_Porygon
Flemish Secession hoax,/wiki/Flemish_Secession_hoax
Friday night death slot,/wiki/Friday_night_death_slot
Guy Goma,/wiki/Guy_Goma
Greg Packer,/wiki/Greg_Packer
Heil Honey I'm Home!,/wiki/Heil_Honey_I%27m_Home!
"I Wanna Marry ""Harry""",/wiki/I_Wanna_Marry_%22Harry%22
Judaism in Rugrats,/wiki/Judaism_in_Rugrats
Jumping the shark,/wiki/Jumping_the_shark
K Foundation Burn a Million Quid,/wiki/K_Foundation_Burn_a_Million_Quid
Max Headroom broadcast signal intrusion incident,/wiki/Max_Headroom_broadcast_signal_intrusion_incident
Michael Larson,/wiki/Michael_Larson
Monkey tennis,/wiki/Monkey_tennis
Mull of Kintyre test,/wiki/Mull_of_Kintyre_test
Odagiri effect,/wiki/Odagiri_effect
Smell-O-Vision,/wiki/Smell-O-Vision
Soap Opera Rapid Aging Syndrome,/wiki/Soap_Opera_Rapid_Aging_Syndrome
Tomorrow's Pioneers,/wiki/Tomorrow%27s_Pioneers
Turn-On,/wiki/Turn-On
Very special episode,/wiki/Very_special_episode
Wank Week,/wiki/Wank_Week
Tommy Westphall,/wiki/Tommy_Westphall
TV pickup,/wiki/TV_pickup
Steve Wiebe,/wiki/Steve_Wiebe
Who's Your Daddy? (TV series),/wiki/Who%27s_Your_Daddy%3F_(TV_series)
Atari video game burial,/wiki/Atari_video_game_burial
Big Rigs: Over the Road Racing,/wiki/Big_Rigs:_Over_the_Road_Racing
Boss key,/wiki/Boss_key
CleverPet Inc,/wiki/CleverPet_Inc
Communist Mutants from Space,/wiki/Communist_Mutants_from_Space
Corrupted Blood incident,/wiki/Corrupted_Blood_incident
Don't Buy This,/wiki/Don%27t_Buy_This
Eggplant run,/wiki/Eggplant_run
The Great Giana Sisters,/wiki/The_Great_Giana_Sisters
Hong Kong 97 (video game),/wiki/Hong_Kong_97_(video_game)
JFK Reloaded,/wiki/JFK_Reloaded
Kanye Zone,/wiki/Kanye_Zone
Mighty No. 9,/wiki/Mighty_No._9
MissingNo.,/wiki/MissingNo.
Phalanx (video game),/wiki/Phalanx_(video_game)
Penn & Teller's Smoke and Mirrors,/wiki/Penn_%26_Teller%27s_Smoke_and_Mirrors
Polybius (urban legend),/wiki/Polybius_(urban_legend)
Tetris effect,/wiki/Tetris_effect
List of video games notable for negative reception,/wiki/List_of_video_games_notable_for_negative_reception
All your base are belong to us,/wiki/All_your_base_are_belong_to_us
Bernie Sanders' Dank Meme Stash,/wiki/Bernie_Sanders%27_Dank_Meme_Stash
Boobquake,/wiki/Boobquake
My Little Pony: Friendship Is Magic fandom,/wiki/My_Little_Pony:_Friendship_Is_Magic_fandom
Carstuckgirls.com,/wiki/Carstuckgirls.com
Cute cat theory of digital activism,/wiki/Cute_cat_theory_of_digital_activism
Elsagate,/wiki/Elsagate
Every time you masturbate... God kills a kitten,/wiki/Every_time_you_masturbate..._God_kills_a_kitten
Florida Man,/wiki/Florida_Man
Wikipedia:Getting to Philosophy,/wiki/Wikipedia:Getting_to_Philosophy
Godwin's law,/wiki/Godwin%27s_law
The Hampster Dance,/wiki/The_Hampster_Dance
How does one patch KDE2 under FreeBSD?,/wiki/How_does_one_patch_KDE2_under_FreeBSD%3F
Sam Hyde,/wiki/Sam_Hyde
Instagram egg,/wiki/Instagram_egg
Internet Watch Foundation and Wikipedia,/wiki/Internet_Watch_Foundation_and_Wikipedia
Numa Numa (video),/wiki/Numa_Numa_(video)
O RLY?,/wiki/O_RLY%3F
OS-tan,/wiki/OS-tan
Polandball,/wiki/Polandball
Rickrolling,/wiki/Rickrolling
Mark V Shaney,/wiki/Mark_V_Shaney
Shock site,/wiki/Shock_site
Shrek fandom,/wiki/Shrek_fandom
Ted Cruz–Zodiac meme,/wiki/Ted_Cruz%E2%80%93Zodiac_meme
Tide pod challenge,/wiki/Tide_pod_challenge
Time Cube,/wiki/Time_Cube
John Titor,/wiki/John_Titor
Tourist guy,/wiki/Tourist_guy
Very erotic very violent,/wiki/Very_erotic_very_violent
Unusual eBay listings,/wiki/Unusual_eBay_listings
Yaminjeongeum,/wiki/Yaminjeongeum
Wikipedia,/wiki/Wikipedia
Kanamara Matsuri,/wiki/Kanamara_Matsuri
Mexico City Alebrije Parade,/wiki/Mexico_City_Alebrije_Parade
Testicle Festival,/wiki/Testicle_Festival
Toy piano,/wiki/Toy_piano#History
The Elvis Dead,/wiki/The_Elvis_Dead
Alferd Packer,/wiki/Alferd_Packer
Ayds,/wiki/Ayds
Banana production in Iceland,/wiki/Banana_production_in_Iceland
Edible bird's nest,/wiki/Edible_bird%27s_nest
Boneless Fish,/wiki/Boneless_Fish
British Rail sandwich,/wiki/British_Rail_sandwich
Bacon Explosion,/wiki/Bacon_Explosion
Cannabis foods,/wiki/Cannabis_foods
Carmine,/wiki/Carmine
Casu marzu,/wiki/Casu_marzu
Century egg,/wiki/Century_egg
Chubby bunny,/wiki/Chubby_bunny
Competitive eating,/wiki/Competitive_eating
Cockle bread,/wiki/Cockle_bread
Deep-fried Mars bar,/wiki/Deep-fried_Mars_bar
Deep-fried Twinkies,/wiki/Deep-fried_Twinkies
Charles Domery,/wiki/Charles_Domery
Durian,/wiki/Durian
Engastration,/wiki/Engastration
Eyes (cheese),/wiki/Eyes_(cheese)
Flies graveyard,/wiki/Flies_graveyard
Fried spider,/wiki/Fried_spider
Hitlerszalonna,/wiki/Hitlerszalonna
Hufu,/wiki/Hufu
Human placentophagy,/wiki/Human_placentophagy
Kit Kats in Japan,/wiki/Kit_Kats_in_Japan
Ketchup as a vegetable,/wiki/Ketchup_as_a_vegetable
Kosher locust,/wiki/Kosher_locust
Luther burger,/wiki/Luther_burger
Lychee and Dog Meat Festival,/wiki/Lychee_and_Dog_Meat_Festival
Michel Lotito,/wiki/Michel_Lotito
Milbenkäse,/wiki/Milbenk%C3%A4se
Monkey brain,/wiki/Monkey_brain
Pieing,/wiki/Pieing
Products produced from The Simpsons,/wiki/Products_produced_from_The_Simpsons
Rhubarb Triangle,/wiki/Rhubarb_Triangle
Roadkill cuisine,/wiki/Roadkill_cuisine
Sannakji,/wiki/Sannakji
Sealed crustless sandwich,/wiki/Sealed_crustless_sandwich
Stargazy pie,/wiki/Stargazy_pie
Stinky tofu,/wiki/Stinky_tofu
Surströmming,/wiki/Surstr%C3%B6mming
Takeru Kobayashi,/wiki/Takeru_Kobayashi
Tarrare,/wiki/Tarrare
Tim Tam Slam,/wiki/Tim_Tam_Slam
Tomatina,/wiki/Tomatina
Sonya Thomas,/wiki/Sonya_Thomas
United States military chocolate,/wiki/United_States_military_chocolate
Unusually shaped vegetable,/wiki/Unusually_shaped_vegetable
Vegetarianism of Adolf Hitler,/wiki/Vegetarianism_of_Adolf_Hitler
Virgin boy egg,/wiki/Virgin_boy_egg
Who Ate All the Pies?,/wiki/Who_Ate_All_the_Pies%3F
Beer goggles,/wiki/Beer_goggles
Kopi Luwak,/wiki/Kopi_Luwak
Cola wars,/wiki/Cola_wars
Fucking Hell,/wiki/Fucking_Hell
Grapefruit juice effect,/wiki/Grapefruit_juice_effect
H2NO,/wiki/H2NO
If-by-whiskey,/wiki/If-by-whiskey
ISO 3103,/wiki/ISO_3103
OpenCola (drink),/wiki/OpenCola_(drink)
Snake wine,/wiki/Snake_wine
Soda and candy eruption,/wiki/Soda_and_candy_eruption
Vodka eyeballing,/wiki/Vodka_eyeballing
Conflict Kitchen,/wiki/Conflict_Kitchen
Cross Cafe,/wiki/Cross_Cafe
Dinner in the Sky,/wiki/Dinner_in_the_Sky
Fortezza Medicea restaurant,/wiki/Fortezza_Medicea_restaurant
Hamburger University,/wiki/Hamburger_University
Heart Attack Grill,/wiki/Heart_Attack_Grill
Ithaa,/wiki/Ithaa
Kayabukiya Tavern,/wiki/Kayabukiya_Tavern
MaDonal,/wiki/MaDonal
McDonald's urban legends,/wiki/McDonald%27s_urban_legends
Modern Toilet,/wiki/Modern_Toilet
Original Spanish Kitchen,/wiki/Original_Spanish_Kitchen
Pyongyang (restaurant chain),/wiki/Pyongyang_(restaurant_chain)
1916 Cumberland vs. Georgia Tech football game,/wiki/1916_Cumberland_vs._Georgia_Tech_football_game
1967 NFL Championship Game,/wiki/1967_NFL_Championship_Game
1978 CONCACAF Champions' Cup,/wiki/1978_CONCACAF_Champions%27_Cup
1992 Troy State vs. DeVry men's basketball game,/wiki/1992_Troy_State_vs._DeVry_men%27s_basketball_game
2005 United States Grand Prix,/wiki/2005_United_States_Grand_Prix
2014 Hiram vs. Mount St. Joseph women's basketball game,/wiki/2014_Hiram_vs._Mount_St._Joseph_women%27s_basketball_game
Artistic roller skating,/wiki/Artistic_roller_skating
AS Adema 149–0 SO l'Emyrne,/wiki/AS_Adema_149%E2%80%930_SO_l%27Emyrne
Australia 31–0 American Samoa,/wiki/Australia_31%E2%80%930_American_Samoa
Australian Football International Cup,/wiki/Australian_Football_International_Cup
Baseball metaphors for sex,/wiki/Baseball_metaphors_for_sex
Bat and trap,/wiki/Bat_and_trap
Bladderball,/wiki/Bladderball
British baseball,/wiki/British_baseball
Bog snorkelling,/wiki/Bog_snorkelling
Bottle-kicking,/wiki/Bottle-kicking
Butt fumble,/wiki/Butt_fumble
Chess boxing,/wiki/Chess_boxing
Collision in Korea,/wiki/Collision_in_Korea
Cooper's Hill Cheese-Rolling and Wake,/wiki/Cooper%27s_Hill_Cheese-Rolling_and_Wake
Disco Demolition Night,/wiki/Disco_Demolition_Night
Dwarf tossing,/wiki/Dwarf_tossing
Dwile flonking,/wiki/Dwile_flonking
Eton wall game,/wiki/Eton_wall_game
Extreme ironing,/wiki/Extreme_ironing
Fair catch kick,/wiki/Fair_catch_kick
Fierljeppen,/wiki/Fierljeppen
Football tennis,/wiki/Football_tennis
Heidi Game,/wiki/Heidi_Game
Henley-on-Todd Regatta,/wiki/Henley-on-Todd_Regatta
International Rutabaga Curling Championship,/wiki/International_Rutabaga_Curling_Championship
Isner–Mahut match at the 2010 Wimbledon Championships,/wiki/Isner%E2%80%93Mahut_match_at_the_2010_Wimbledon_Championships
Lawn mower racing,/wiki/Lawn_mower_racing
Legends Football League,/wiki/Legends_Football_League
Mall walking,/wiki/Mall_walking
Muggle Quidditch,/wiki/Muggle_Quidditch
Mythical national championship,/wiki/Mythical_national_championship
New Testament athletic metaphors,/wiki/New_Testament_athletic_metaphors
One-armed versus one-legged cricket,/wiki/One-armed_versus_one-legged_cricket
Pillow Fight League,/wiki/Pillow_Fight_League
Plainfield Teacher's College,/wiki/Plainfield_Teacher%27s_College
The Play (American football),/wiki/The_Play_(American_football)
Rocket Racing League,/wiki/Rocket_Racing_League
Smiggin Holes 2010 Winter Olympic bid,/wiki/Smiggin_Holes_2010_Winter_Olympic_bid
Sports-related curses,/wiki/Sports-related_curses
Stoolball,/wiki/Stoolball
Ten Cent Beer Night,/wiki/Ten_Cent_Beer_Night
Traditions and anecdotes associated with the Stanley Cup,/wiki/Traditions_and_anecdotes_associated_with_the_Stanley_Cup
Ultimate Typing Championship,/wiki/Ultimate_Typing_Championship
Underarm bowling incident of 1981,/wiki/Underarm_bowling_incident_of_1981
Wellie wanging,/wiki/Wellie_wanging
Wife carrying,/wiki/Wife_carrying
Wooden spoon (award),/wiki/Wooden_spoon_(award)
Yukigassen,/wiki/Yukigassen
Buzkashi,/wiki/Buzkashi
Conger cuddling,/wiki/Conger_cuddling
Egg tapping,/wiki/Egg_tapping
Fatso the Fat-Arsed Wombat,/wiki/Fatso_the_Fat-Arsed_Wombat
Ferret legging,/wiki/Ferret_legging
Fox tossing,/wiki/Fox_tossing
Goose pulling,/wiki/Goose_pulling
Hamster racing,/wiki/Hamster_racing
Kudu dung spitting,/wiki/Kudu_dung_spitting
Legend of the Octopus,/wiki/Legend_of_the_Octopus
Octopus wrestling,/wiki/Octopus_wrestling
Pig Olympics,/wiki/Pig_Olympics
Rabbit show jumping,/wiki/Rabbit_show_jumping
Robot jockey,/wiki/Robot_jockey
Snail racing,/wiki/Snail_racing
Teddy bear toss,/wiki/Teddy_bear_toss
Turkey bowling,/wiki/Turkey_bowling
Vinkenzetting,/wiki/Vinkenzetting
Yak racing,/wiki/Yak_racing
1956 Olympic Flame hoax,/wiki/1956_Olympic_Flame_hoax
Ali Dia (footballer),/wiki/Ali_Dia_(footballer)
Barefoot running,/wiki/Barefoot_running
Paula Barila Bolopa,/wiki/Paula_Barila_Bolopa
Philip Boit,/wiki/Philip_Boit
Curse of Billy Penn,/wiki/Curse_of_Billy_Penn
Curse of the Colonel,/wiki/Curse_of_the_Colonel
Rajai Davis,/wiki/Rajai_Davis
Dock Ellis,/wiki/Dock_Ellis
"Eddie ""The Eagle"" Edwards",/wiki/Eddie_%22The_Eagle%22_Edwards
Eddie Gaedel,/wiki/Eddie_Gaedel
Dolly Gray impostor,/wiki/Dolly_Gray_impostor
Prince Hubertus of Hohenlohe-Langenburg,/wiki/Prince_Hubertus_of_Hohenlohe-Langenburg
Carlos Kaiser (footballer),/wiki/Carlos_Kaiser_(footballer)
Jeffrey Maier,/wiki/Jeffrey_Maier
Mendoza Line,/wiki/Mendoza_Line
Eric Moussambani,/wiki/Eric_Moussambani
Fuahea Semi,/wiki/Fuahea_Semi
Sturla Snær Snorrason,/wiki/Sturla_Sn%C3%A6r_Snorrason
Elizabeth Swaney,/wiki/Elizabeth_Swaney
Shizo Kanakuri,/wiki/Shizo_Kanakuri
Taro Tsujimoto,/wiki/Taro_Tsujimoto
Atlanta Black Crackers,/wiki/Atlanta_Black_Crackers
East Africa rugby union team,/wiki/East_Africa_rugby_union_team
Jamaica national bobsled team,/wiki/Jamaica_national_bobsled_team
London Rippers,/wiki/London_Rippers
Mongolia national baseball team,/wiki/Mongolia_national_baseball_team
Oorang Indians,/wiki/Oorang_Indians
Sark national football team,/wiki/Sark_national_football_team
Steagles,/wiki/Steagles
Card-Pitt,/wiki/Card-Pitt
Tropical nations at the Winter Olympics,/wiki/Tropical_nations_at_the_Winter_Olympics
Windsor Swastikas,/wiki/Windsor_Swastikas
Vatican City national football team,/wiki/Vatican_City_national_football_team
The Game (mind game),/wiki/The_Game_(mind_game)
Blood-vomiting game,/wiki/Blood-vomiting_game
Ghettopoly,/wiki/Ghettopoly
Human chess,/wiki/Human_chess
Kancho,/wiki/Kancho
Mornington Crescent (game),/wiki/Mornington_Crescent_(game)
Poole versus HAL 9000,/wiki/Poole_versus_HAL_9000
Taikyoku shogi,/wiki/Taikyoku_shogi
The Turk,/wiki/The_Turk
USA Rock Paper Scissors League,/wiki/USA_Rock_Paper_Scissors_League
War on Terror (game),/wiki/War_on_Terror_(game)
List of avian humanoids,/wiki/List_of_avian_humanoids
Behind the sofa,/wiki/Behind_the_sofa
Bigfoot trap,/wiki/Bigfoot_trap
Cottingley Fairies,/wiki/Cottingley_Fairies
Easter Bilby,/wiki/Easter_Bilby
Flying ointment,/wiki/Flying_ointment
Global Orgasm,/wiki/Global_Orgasm
Kaspar Hauser,/wiki/Kaspar_Hauser
Icelandic Elf School,/wiki/Icelandic_Elf_School
Josiah S. Carberry,/wiki/Josiah_S._Carberry
Liver-Eating Johnson,/wiki/Liver-Eating_Johnson
Machine elf,/wiki/Machine_elf
Man-eating tree,/wiki/Man-eating_tree
Monkey-man of New Delhi,/wiki/Monkey-man_of_New_Delhi
Phantom social workers,/wiki/Phantom_social_workers
Proverbs commonly attributed to be Chinese,/wiki/Proverbs_commonly_attributed_to_be_Chinese
Reptilian humanoid,/wiki/Reptilian_humanoid
Rod (cryptozoology),/wiki/Rod_(cryptozoology)
Russian reversal,/wiki/Russian_reversal
Spring Heeled Jack,/wiki/Spring_Heeled_Jack
Telling the bees,/wiki/Telling_the_bees
Titivillus,/wiki/Titivillus
Tsukumogami,/wiki/Tsukumogami
Vagina dentata,/wiki/Vagina_dentata
Vampire pumpkins and watermelons,/wiki/Vampire_pumpkins_and_watermelons
Vril,/wiki/Vril
Well to Hell hoax,/wiki/Well_to_Hell_hoax
Witch window,/wiki/Witch_window
Bonnacon,/wiki/Bonnacon
Cattle mutilation,/wiki/Cattle_mutilation
Chupacabra,/wiki/Chupacabra
Dog spinning,/wiki/Dog_spinning
Drop bear,/wiki/Drop_bear
Entombed animal,/wiki/Entombed_animal
Fearsome critters,/wiki/Fearsome_critters
Flying pig,/wiki/Flying_pig
Gef the talking mongoose,/wiki/Gef_the_talking_mongoose
Humanzee,/wiki/Humanzee
Hodag,/wiki/Hodag
Jersey Devil,/wiki/Jersey_Devil
Liver bird,/wiki/Liver_bird
Lluvia de Peces,/wiki/Lluvia_de_Peces
Mongolian death worm,/wiki/Mongolian_death_worm
Montauk Monster,/wiki/Montauk_Monster
Pacific Northwest Tree Octopus,/wiki/Pacific_Northwest_Tree_Octopus
Phantom kangaroos,/wiki/Phantom_kangaroos
Popobawa,/wiki/Popobawa
Featured article,/wiki/File:Featured_article_star.svg
Pig-faced women,/wiki/Pig-faced_women
Rat king (folklore),/wiki/Rat_king_(folklore)
Rhinogradentia,/wiki/Rhinogradentia
Sidehill gouger,/wiki/Sidehill_gouger
Spherical cow,/wiki/Spherical_cow
Vegetable Lamb of Tartary,/wiki/Vegetable_Lamb_of_Tartary
Bagism,/wiki/Bagism
Banned in Boston,/wiki/Banned_in_Boston
Beard Liberation Front,/wiki/Beard_Liberation_Front
Biotic Baking Brigade,/wiki/Biotic_Baking_Brigade
Burning money,/wiki/Burning_money
Frank Chu,/wiki/Frank_Chu
Stephen Colbert at the 2006 White House Correspondents' Association Dinner,/wiki/Stephen_Colbert_at_the_2006_White_House_Correspondents%27_Association_Dinner
Fedspeak,/wiki/Fedspeak
Fourth International Posadist,/wiki/Fourth_International_Posadist
Guerrilla gardening,/wiki/Guerrilla_gardening
Go Topless Day,/wiki/Go_Topless_Day
Let's trim our hair in accordance with the socialist lifestyle,/wiki/Let%27s_trim_our_hair_in_accordance_with_the_socialist_lifestyle
Đorđe Martinović,/wiki/%C4%90or%C4%91e_Martinovi%C4%87
Montreal-Philippines cutlery controversy,/wiki/Montreal-Philippines_cutlery_controversy
Featured article,/wiki/File:Featured_article_star.svg
Emperor Norton,/wiki/Emperor_Norton
Pink Pistols,/wiki/Pink_Pistols
Pole and Hungarian cousins be,/wiki/Pole_and_Hungarian_cousins_be
Reply of the Zaporozhian Cossacks,/wiki/Reply_of_the_Zaporozhian_Cossacks
Sentinelese people,/wiki/Sentinelese_people
Socialist Patients' Collective,/wiki/Socialist_Patients%27_Collective
Munafri Arifuddin,/wiki/Munafri_Arifuddin
Alaska Mental Health Enabling Act,/wiki/Alaska_Mental_Health_Enabling_Act
Threatening the President of the United States,/wiki/Threatening_the_President_of_the_United_States
Animals as electoral candidates,/wiki/Animals_as_electoral_candidates
Bald–hairy,/wiki/Bald%E2%80%93hairy
Ruth Ellen Brosseau,/wiki/Ruth_Ellen_Brosseau
Brown Dog affair,/wiki/Brown_Dog_affair
Bushism,/wiki/Bushism
Candy Desk,/wiki/Candy_Desk
Mel Carnahan,/wiki/Mel_Carnahan
Jimmy Carter rabbit incident,/wiki/Jimmy_Carter_rabbit_incident
Conch Republic,/wiki/Conch_Republic
Democracy sausage,/wiki/Democracy_sausage
Donald Duck Party,/wiki/Donald_Duck_Party
Eddie Eagle,/wiki/Eddie_Eagle
Euromyth,/wiki/Euromyth
Flatulence tax,/wiki/Flatulence_tax
Jennifer Gale,/wiki/Jennifer_Gale
"Gatton by-election, 1803","/wiki/Gatton_by-election,_1803"
Jón Gnarr,/wiki/J%C3%B3n_Gnarr
Greek Ecologists,/wiki/Greek_Ecologists
H'Angus,/wiki/H%27Angus
Ich bin ein Berliner,/wiki/Ich_bin_ein_Berliner
Kasongo Ilunga,/wiki/Kasongo_Ilunga
Ku Klux Klan titles and vocabulary,/wiki/Ku_Klux_Klan_titles_and_vocabulary
Pedro Lascuráin,/wiki/Pedro_Lascur%C3%A1in
Legislative violence,/wiki/Legislative_violence
List of Kim Jong-il's titles,/wiki/List_of_Kim_Jong-il%27s_titles
Lord Bloody Wog Rolo,/wiki/Lord_Bloody_Wog_Rolo
Marxist-Leninist Party of the Netherlands,/wiki/Marxist-Leninist_Party_of_the_Netherlands
McGillicuddy Serious Party,/wiki/McGillicuddy_Serious_Party
Merkel-Raute,/wiki/Merkel-Raute
Jakob Maria Mierscheid,/wiki/Jakob_Maria_Mierscheid
Antanas Mockus,/wiki/Antanas_Mockus
Niuas Nobles' constituency,/wiki/Niuas_Nobles%27_constituency
New shoes on budget day,/wiki/New_shoes_on_budget_day
Richard Nixon mask,/wiki/Richard_Nixon_mask
Nuisance candidate,/wiki/Nuisance_candidate
Official Monster Raving Loony Party,/wiki/Official_Monster_Raving_Loony_Party
Old Sarum (UK Parliament constituency),/wiki/Old_Sarum_(UK_Parliament_constituency)
Patrol 36,/wiki/Patrol_36
List of people who have lived at airports,/wiki/List_of_people_who_have_lived_at_airports
Polish Beer-Lovers' Party,/wiki/Polish_Beer-Lovers%27_Party
Resignation from the British House of Commons,/wiki/Resignation_from_the_British_House_of_Commons
Rhinoceros Party of Canada (1963–1993),/wiki/Rhinoceros_Party_of_Canada_(1963%E2%80%931993)
Günter Schabowski,/wiki/G%C3%BCnter_Schabowski
Screaming Lord Sutch,/wiki/Screaming_Lord_Sutch
Shanghai Fugu Agreement,/wiki/Shanghai_Fugu_Agreement
Statue of Lenin (Seattle),/wiki/Statue_of_Lenin_(Seattle)
Ilona Staller,/wiki/Ilona_Staller
Texas Legation,/wiki/Texas_Legation
Tsang Tsou Choi,/wiki/Tsang_Tsou_Choi
John C. Turmel,/wiki/John_C._Turmel
Why I Want to Fuck Ronald Reagan,/wiki/Why_I_Want_to_Fuck_Ronald_Reagan
Nicolás Zúñiga y Miranda,/wiki/Nicol%C3%A1s_Z%C3%BA%C3%B1iga_y_Miranda
Deez Nuts (politician),/wiki/Deez_Nuts_(politician)
BackpackersXpress,/wiki/BackpackersXpress
Big Mac Index,/wiki/Big_Mac_Index
Billboard Utilising Graffitists Against Unhealthy Promotions,/wiki/Billboard_Utilising_Graffitists_Against_Unhealthy_Promotions
Boss key,/wiki/Boss_key
Dead cat bounce,/wiki/Dead_cat_bounce
EURion constellation,/wiki/EURion_constellation
Ghetto tourism,/wiki/Ghetto_tourism
Men's Underwear Index,/wiki/Men%27s_Underwear_Index
Merchant marine of Switzerland,/wiki/Merchant_marine_of_Switzerland
Rai stones,/wiki/Rai_stones
Swastika Laundry,/wiki/Swastika_Laundry
Tanganyika groundnut scheme,/wiki/Tanganyika_groundnut_scheme
Ting Hai effect,/wiki/Ting_Hai_effect
Us Tareyton smokers would rather fight than switch!,/wiki/Us_Tareyton_smokers_would_rather_fight_than_switch!
Veblen good,/wiki/Veblen_good
2007 Boston bomb scare,/wiki/2007_Boston_bomb_scare
Sada Abe,/wiki/Sada_Abe
Acoustic Kitty,/wiki/Acoustic_Kitty
Animal trial,/wiki/Animal_trial
Baby Jesus theft,/wiki/Baby_Jesus_theft
Batman v. Commissioner,/wiki/Batman_v._Commissioner
Beard tax,/wiki/Beard_tax
Bowling Green massacre,/wiki/Bowling_Green_massacre
Cicada 3301,/wiki/Cicada_3301
Michael Cicconetti,/wiki/Michael_Cicconetti
Dead Man's Statute,/wiki/Dead_Man%27s_Statute
Free Bench,/wiki/Free_Bench
FTC v. Balls of Kryptonite,/wiki/FTC_v._Balls_of_Kryptonite
Glasgow Ice Cream Wars,/wiki/Glasgow_Ice_Cream_Wars
Guano Islands Act,/wiki/Guano_Islands_Act
Hermesmann v. Seyer,/wiki/Hermesmann_v._Seyer
Jarvis v Swans Tours Ltd,/wiki/Jarvis_v_Swans_Tours_Ltd
A moron in a hurry,/wiki/A_moron_in_a_hurry
Not proven,/wiki/Not_proven
Lawsuits against the Devil,/wiki/Lawsuits_against_the_Devil
Lawsuits against God,/wiki/Lawsuits_against_God
"Leonard v. Pepsico, Inc.","/wiki/Leonard_v._Pepsico,_Inc."
Lesbian rule,/wiki/Lesbian_rule
The Matrix defense,/wiki/The_Matrix_defense
Memoirs v. Massachusetts,/wiki/Memoirs_v._Massachusetts
McMartin preschool trial,/wiki/McMartin_preschool_trial
"Miles v. City Council of Augusta, Georgia","/wiki/Miles_v._City_Council_of_Augusta,_Georgia"
Mormon sex in chains case,/wiki/Mormon_sex_in_chains_case
Nix v. Hedden,/wiki/Nix_v._Hedden
Old Deluder Satan Law,/wiki/Old_Deluder_Satan_Law
Perry Mason moment,/wiki/Perry_Mason_moment
Phantom of Heilbronn,/wiki/Phantom_of_Heilbronn
Prohibition of death,/wiki/Prohibition_of_death
Shaggy defense,/wiki/Shaggy_defense
Small penis rule,/wiki/Small_penis_rule
Stambovsky v. Ackley,/wiki/Stambovsky_v._Ackley
Taxation of illegal income in the United States,/wiki/Taxation_of_illegal_income_in_the_United_States
Keron Thomas,/wiki/Keron_Thomas
Twinkie defense,/wiki/Twinkie_defense
Toy Biz v. United States,/wiki/Toy_Biz_v._United_States
Trial of the Pyx,/wiki/Trial_of_the_Pyx
Angie Sanclemente Valencia,/wiki/Angie_Sanclemente_Valencia
Whipping Tom,/wiki/Whipping_Tom
United States ex rel. Gerald Mayo v. Satan and His Staff,/wiki/United_States_ex_rel._Gerald_Mayo_v._Satan_and_His_Staff
"United States v. Approximately 64,695 Pounds of Shark Fins","/wiki/United_States_v._Approximately_64,695_Pounds_of_Shark_Fins"
Drunkard's cloak,/wiki/Drunkard%27s_cloak
"Hanged, drawn and quartered","/wiki/Hanged,_drawn_and_quartered"
Rough music,/wiki/Rough_music
Scold's bridle,/wiki/Scold%27s_bridle
Whipping boy,/wiki/Whipping_boy
"The All-Joking, All-Drunken Synod of Fools and Jesters","/wiki/The_All-Joking,_All-Drunken_Synod_of_Fools_and_Jesters"
"As a dog returns to his vomit, so a fool repeats his folly","/wiki/As_a_dog_returns_to_his_vomit,_so_a_fool_repeats_his_folly"
Asher yatzar,/wiki/Asher_yatzar
Axinomancy,/wiki/Axinomancy
Banquet of Chestnuts,/wiki/Banquet_of_Chestnuts
Ben Hana,/wiki/Ben_Hana
Bible errata,/wiki/Bible_errata
Braco (faith healer),/wiki/Braco_(faith_healer)
Cadaver Synod,/wiki/Cadaver_Synod
Caganer,/wiki/Caganer
Cargo cult,/wiki/Cargo_cult
Christmas in Nazi Germany,/wiki/Christmas_in_Nazi_Germany
Criticism of Mother Teresa,/wiki/Criticism_of_Mother_Teresa
Disconnection,/wiki/Disconnection
Harold Davidson,/wiki/Harold_Davidson
Descent from Adam and Eve,/wiki/Descent_from_Adam_and_Eve
Flirty Fishing,/wiki/Flirty_Fishing
Fluffy bunny (Wicca),/wiki/Fluffy_bunny_(Wicca)
Flying Spaghetti Monster,/wiki/Flying_Spaghetti_Monster
Gambling on papal elections,/wiki/Gambling_on_papal_elections
Gang Bing,/wiki/Gang_Bing
The Great Disappointment,/wiki/The_Great_Disappointment
Hell house,/wiki/Hell_house
Holy Prepuce,/wiki/Holy_Prepuce
Homosexuality and voodoo,/wiki/Homosexuality_and_voodoo
Incident (Scientology),/wiki/Incident_(Scientology)
Invisible Pink Unicorn,/wiki/Invisible_Pink_Unicorn
Immovable Ladder,/wiki/Immovable_Ladder
Islamic toilet etiquette,/wiki/Islamic_toilet_etiquette
Islamic views on anal sex,/wiki/Islamic_views_on_anal_sex
Jedi census phenomenon,/wiki/Jedi_census_phenomenon
Jerusalem Syndrome,/wiki/Jerusalem_Syndrome
Jesus H. Christ,/wiki/Jesus_H._Christ
Jewish pope Andreas,/wiki/Jewish_pope_Andreas
Johnson cult,/wiki/Johnson_cult
Kachchhera,/wiki/Kachchhera
Kolob,/wiki/Kolob
List of UFO religions,/wiki/List_of_UFO_religions
List of people claimed to be Jesus,/wiki/List_of_people_claimed_to_be_Jesus
Love Jihad,/wiki/Love_Jihad
Matshishkapeu,/wiki/Matshishkapeu
The Miracle of the Sun,/wiki/The_Miracle_of_the_Sun
Non-canonical books referenced in the Bible,/wiki/Non-canonical_books_referenced_in_the_Bible
Open source religion,/wiki/Open_source_religion
Our Lady of Perpetual Exemption,/wiki/Our_Lady_of_Perpetual_Exemption
Pope Joan,/wiki/Pope_Joan
David Bawden,/wiki/David_Bawden
Prince Philip Movement,/wiki/Prince_Philip_Movement
Pseudoskepticism,/wiki/Pseudoskepticism
The Rule of the Harlots,/wiki/The_Rule_of_the_Harlots
Religion in Antarctica,/wiki/Religion_in_Antarctica
Reincarnation Application,/wiki/Reincarnation_Application
Perceptions of religious imagery in natural phenomena,/wiki/Perceptions_of_religious_imagery_in_natural_phenomena
Rumspringa,/wiki/Rumspringa
St. Priapus Church,/wiki/St._Priapus_Church
Space opera in Scientology scripture,/wiki/Space_opera_in_Scientology_scripture
Taghairm,/wiki/Taghairm
Tiberius Iulius Abdes Pantera,/wiki/Tiberius_Iulius_Abdes_Pantera
Turtles all the way down,/wiki/Turtles_all_the_way_down
Unfulfilled Christian religious predictions,/wiki/Unfulfilled_Christian_religious_predictions
United Nation of Islam,/wiki/United_Nation_of_Islam
Universe people,/wiki/Universe_people
The Urantia Book,/wiki/The_Urantia_Book
Wicked Bible,/wiki/Wicked_Bible
Xenu,/wiki/Xenu
Zipporah at the inn,/wiki/Zipporah_at_the_inn
Ablutophobia,/wiki/Ablutophobia
Chemophobia,/wiki/Chemophobia
Cherophobia,/wiki/Cherophobia
Chromophobia,/wiki/Chromophobia
Chronophobia,/wiki/Chronophobia
Coprophobia,/wiki/Coprophobia
Cyberphobia,/wiki/Cyberphobia
Decidophobia,/wiki/Decidophobia
Dentophobia,/wiki/Dentophobia
Emetophobia,/wiki/Emetophobia
Globophobia,/wiki/Globophobia
Mageirocophobia,/wiki/Mageirocophobia
Numerophobia,/wiki/Numerophobia
Osmophobia,/wiki/Osmophobia
Phallophobia,/wiki/Phallophobia
Philophobia (fear),/wiki/Philophobia_(fear)
Phobophobia,/wiki/Phobophobia
Thalassophobia,/wiki/Thalassophobia
Telephobia,/wiki/Telephobia
3rd Dental Battalion,/wiki/3rd_Dental_Battalion
Adrian Carton de Wiart,/wiki/Adrian_Carton_de_Wiart
Boot Monument,/wiki/Boot_Monument
Jack Churchill,/wiki/Jack_Churchill
Deborah's Hole Camp,/wiki/Deborah%27s_Hole_Camp
D-Day Daily Telegraph crossword security alarm,/wiki/D-Day_Daily_Telegraph_crossword_security_alarm
Devil Eyes,/wiki/Devil_Eyes
Dickin Medal,/wiki/Dickin_Medal
Dreadnought hoax,/wiki/Dreadnought_hoax
Line-crossing ceremony,/wiki/Line-crossing_ceremony
List of wartime crossdressers,/wiki/List_of_wartime_crossdressers
Miss Russian Army,/wiki/Miss_Russian_Army
Montauk Project,/wiki/Montauk_Project
Moro Islamic Liberation Front,/wiki/Moro_Islamic_Liberation_Front
Navies of landlocked countries,/wiki/Navies_of_landlocked_countries
Nebraska Admiral,/wiki/Nebraska_Admiral
NORAD Tracks Santa,/wiki/NORAD_Tracks_Santa
Hiroo Onoda,/wiki/Hiroo_Onoda
Philadelphia Experiment,/wiki/Philadelphia_Experiment
Portuguese Fireplace,/wiki/Portuguese_Fireplace
Sergeant Stubby,/wiki/Sergeant_Stubby
Siachen Glacier,/wiki/Siachen_Glacier
Simo Häyhä,/wiki/Simo_H%C3%A4yh%C3%A4
Stanislav Petrov,/wiki/Stanislav_Petrov
The terrorists have won,/wiki/The_terrorists_have_won
Eyre legend,/wiki/Eyre_legend
Vasili Arkhipov,/wiki/Vasili_Arkhipov
Wojtek (bear),/wiki/Wojtek_(bear)
Anglo-Zanzibar War,/wiki/Anglo-Zanzibar_War
Battle for Castle Itter,/wiki/Battle_for_Castle_Itter
Bahia Incident,/wiki/Bahia_Incident
Battle of Domažlice,/wiki/Battle_of_Doma%C5%BElice
Battle of Karánsebes,/wiki/Battle_of_Kar%C3%A1nsebes
Battle of Kiska,/wiki/Battle_of_Kiska
Battle of Tanga,/wiki/Battle_of_Tanga
Emu War,/wiki/Emu_War
Football war,/wiki/Football_war
If Day,/wiki/If_Day
Gombe Chimpanzee War,/wiki/Gombe_Chimpanzee_War
Operation Mincemeat,/wiki/Operation_Mincemeat
Operation Pig Bristle,/wiki/Operation_Pig_Bristle
Operation Tamarisk,/wiki/Operation_Tamarisk
Pastry War,/wiki/Pastry_War
Pig War (1859),/wiki/Pig_War_(1859)
Three Hundred and Thirty Five Years' War,/wiki/Three_Hundred_and_Thirty_Five_Years%27_War
Toledo War,/wiki/Toledo_War
Toyota War,/wiki/Toyota_War
War of the Bucket,/wiki/War_of_the_Bucket
War of Jenkins' Ear,/wiki/War_of_Jenkins%27_Ear
Incident at Petrich,/wiki/Incident_at_Petrich
War of the Insane,/wiki/War_of_the_Insane
War Plan Red,/wiki/War_Plan_Red
Anti-tank dog,/wiki/Anti-tank_dog
Antonov A-40,/wiki/Antonov_A-40
Bat bomb,/wiki/Bat_bomb
Bazooka Vespa,/wiki/Bazooka_Vespa
Bicycle infantry,/wiki/Bicycle_infantry
Blue Peacock,/wiki/Blue_Peacock
Cornfield Bomber,/wiki/Cornfield_Bomber
Dazzle camouflage,/wiki/Dazzle_camouflage
Double-barreled cannon,/wiki/Double-barreled_cannon
Explosive rat,/wiki/Explosive_rat
Gay bomb,/wiki/Gay_bomb
Panjandrum,/wiki/Panjandrum
Human torpedo,/wiki/Human_torpedo
Most-wanted Iraqi playing cards,/wiki/Most-wanted_Iraqi_playing_cards
Project Habakkuk,/wiki/Project_Habakkuk
Project Pigeon,/wiki/Project_Pigeon
Puckle gun,/wiki/Puckle_gun
Sticky bomb,/wiki/Sticky_bomb
Tachanka,/wiki/Tachanka
Tsar Tank,/wiki/Tsar_Tank
U.S. Navy Marine Mammal Program,/wiki/U.S._Navy_Marine_Mammal_Program
Who me?,/wiki/Who_me%3F
Zanbatō,/wiki/Zanbat%C5%8D
Coffin birth,/wiki/Coffin_birth
Collyer brothers,/wiki/Collyer_brothers
Death by coconut,/wiki/Death_by_coconut
Death by GPS,/wiki/Death_by_GPS
Death during consensual sex,/wiki/Death_during_consensual_sex
Death from laughter,/wiki/Death_from_laughter
Death erection,/wiki/Death_erection
Death by misadventure,/wiki/Death_by_misadventure
Defenestration,/wiki/Defenestration
Dyatlov Pass Incident,/wiki/Dyatlov_Pass_Incident
Euthanasia Coaster,/wiki/Euthanasia_Coaster
Execution by elephant,/wiki/Execution_by_elephant
Fan death,/wiki/Fan_death
Generalissimo Francisco Franco is still dead,/wiki/Generalissimo_Francisco_Franco_is_still_dead
Ghost bike,/wiki/Ghost_bike
The Hands of Che Guevara,/wiki/The_Hands_of_Che_Guevara
Hell bank note,/wiki/Hell_bank_note
Jack the Stripper,/wiki/Jack_the_Stripper
Joyce Vincent,/wiki/Joyce_Vincent
Kick the bucket,/wiki/Kick_the_bucket
Lal Bihari,/wiki/Lal_Bihari
List of expressions related to death,/wiki/List_of_expressions_related_to_death
List of people who died on the toilet,/wiki/List_of_people_who_died_on_the_toilet
List of entertainers who died during a performance,/wiki/List_of_entertainers_who_died_during_a_performance
List of postal killings,/wiki/List_of_postal_killings
London Necropolis railway station,/wiki/London_Necropolis_railway_station
Lord Uxbridge's leg,/wiki/Lord_Uxbridge%27s_leg
Maschalismos,/wiki/Maschalismos
Michael Malloy,/wiki/Michael_Malloy
Micromort,/wiki/Micromort
Oliver Cromwell's head,/wiki/Oliver_Cromwell%27s_head
Poe Toaster,/wiki/Poe_Toaster
Post-mortem photography,/wiki/Post-mortem_photography
Republican marriage,/wiki/Republican_marriage
"Rookwood Cemetery railway line, Sydney","/wiki/Rookwood_Cemetery_railway_line,_Sydney"
Richard Chase,/wiki/Richard_Chase
Safety coffin,/wiki/Safety_coffin
Salish Sea human foot discoveries,/wiki/Salish_Sea_human_foot_discoveries
Sky burial,/wiki/Sky_burial
Sogen Kato,/wiki/Sogen_Kato
Sokushinbutsu,/wiki/Sokushinbutsu
Space burial,/wiki/Space_burial
Spontaneous human combustion,/wiki/Spontaneous_human_combustion
Suicide booth,/wiki/Suicide_booth
Taman Shud Case,/wiki/Taman_Shud_Case
Toilet-related injury,/wiki/Toilet-related_injury
Uttar Pradesh Association of Dead People,/wiki/Uttar_Pradesh_Association_of_Dead_People
Valentich disappearance,/wiki/Valentich_disappearance
Video-Enhanced Grave Marker,/wiki/Video-Enhanced_Grave_Marker
Voluntary Human Extinction Movement,/wiki/Voluntary_Human_Extinction_Movement
Xin Zhui,/wiki/Xin_Zhui
How many angels can dance on the head of a pin?,/wiki/How_many_angels_can_dance_on_the_head_of_a_pin%3F
If a tree falls in a forest,/wiki/If_a_tree_falls_in_a_forest
Voulez-vous coucher avec moi ?,/wiki/Voulez-vous_coucher_avec_moi_%3F
Where's the beef?,/wiki/Where%27s_the_beef%3F
Why did the chicken cross the road?,/wiki/Why_did_the_chicken_cross_the_road%3F
List of common misconceptions,/wiki/List_of_common_misconceptions
List of lists of lists,/wiki/List_of_lists_of_lists
